항별연혁번호,고시번호,규정번호,결정근거번호,규정코드,제목,등록일시
1,4,221,1,한글 맞춤법,결정근거22,2018-10-17 18:09:00
2,5,238,1,한글 맞춤법,결정근거 테스트 입니다.,2018-10-17 18:14:00
3,4,225,1,한글 맞춤법,,2018-10-17 18:18:00
4,4,262,1,한글 맞춤법,결정근거 내용 입력 테스트,2018-10-19 11:35:00
5,7,673,1,국어의 로마자 표기법,국어심의회(1996. 3. 6.),2017-09-07 17:21:00
5,7,673,2,국어의 로마자 표기법,국어심의회(1997. 6. 4.),2017-09-07 17:21:00
5,7,673,3,국어의 로마자 표기법,국어심의회(1997. 6. 18.),2017-09-07 17:21:00
5,7,673,4,국어의 로마자 표기법,국어심의회(1997. 6. 26.),2017-09-07 17:21:00
5,7,673,5,국어의 로마자 표기법,국어심의회(1997. 7. 24.),2017-09-07 17:21:00
5,7,673,6,국어의 로마자 표기법,국어심의회(1999. 4. 6.),2017-09-07 17:21:00
5,7,673,7,국어의 로마자 표기법,국어심의회(2000. 6. 26.),2017-09-07 17:21:00
6,4,238,1,한글 맞춤법,국어심의회(1994. 12. 26.),2018-09-14 13:42:00
7,8,489,1,국어의 로마자 표기법,국어심의회(1978. 5-11.),2017-12-20 15:18:00
8,7,489,1,국어의 로마자 표기법,국어심의회(2000. 6. 26.),2017-12-20 15:20:00
8,7,489,2,국어의 로마자 표기법,국어심의회(1999. 4. 6.),2017-12-20 15:20:00
8,7,489,3,국어의 로마자 표기법,국어심의회(1997. 7. 24.),2017-12-20 15:20:00
8,7,489,4,국어의 로마자 표기법,국어심의회(1997. 6. 26.),2017-12-20 15:20:00
8,7,489,5,국어의 로마자 표기법,국어심의회(1997. 6. 18.),2017-12-20 15:20:00
8,7,489,6,국어의 로마자 표기법,국어심의회(1997. 6. 4.),2017-12-20 15:20:00
8,7,489,7,국어의 로마자 표기법,국어심의회(1996. 3. 6.),2017-12-20 15:20:00
8,7,489,8,국어의 로마자 표기법,국어심의회(1995. 12. 20.),2017-12-20 15:20:00
9,4,228,1,한글 맞춤법,결정 근거 추가 작성,2018-10-22 14:33:00
9,4,228,2,한글 맞춤법,국어규범정비위원회(2015. 9. 24.),2018-10-22 14:33:00
9,4,228,3,한글 맞춤법,국어심의회(2016. 11. 30.),2018-10-22 14:33:00
9,4,228,4,한글 맞춤법,결정 근거 추가추가,2018-10-22 14:33:00
10,1,686,1,외래어 표기법,국어심의회(2015. 3. 20.),2017-12-28 13:58:00
11,1,489,1,국어의 로마자 표기법,국어규범정비위원회(2015. 9. 24.),2017-12-20 15:22:00
11,1,489,2,국어의 로마자 표기법,국어심의회(2016. 11. 30.),2017-12-20 15:22:00
12,20,437,1,외래어 표기법,국어심의회(2012. 11. 30.),2017-12-28 13:57:00
13,20,511,1,외래어 표기법,국어심의회(2014. 8. 29.),2017-12-28 13:55:00
14,4,277,1,한글 맞춤법,국어심의회(2016. 11. 30.),2018-07-19 10:33:00
15,4,221,1,한글 맞춤법,12,2018-10-22 11:21:00
16,4,221,1,한글 맞춤법,1111,2018-10-17 10:40:00
17,5,238,1,한글 맞춤법,국어심의회(1994. 12. 26.),2019-01-17 21:15:00
18,5,252,1,한글 맞춤법,국어심의회(1994. 12. 26.),2019-01-18 14:50:00
19,4,221,1,한글 맞춤법,국어심의회(1994. 12. 26.),2018-10-22 11:07:00
20,4,222,1,한글 맞춤법,,2018-10-22 11:10:00
21,2,350,1,표준어 규정,국어심의회(1994. 12. 26.),2018-10-22 13:28:00
22,5,716,1,한글 맞춤법,국어규범정비위원회(2014. 12. 2.),2019-01-17 21:21:00
22,5,716,2,한글 맞춤법,국어규범정비위원회(2014. 7. 11.),2019-01-17 21:21:00
22,5,716,3,한글 맞춤법,국어심의회(2014. 8. 29.),2019-01-17 21:21:00
22,5,716,4,한글 맞춤법,국어심의회(2014. 2. 5.),2019-01-17 21:21:00
22,5,716,5,한글 맞춤법,국어심의회(2013. 4. 12.),2019-01-17 21:21:00
22,5,716,6,한글 맞춤법,국어심의회(2012. 11. 30.),2019-01-17 21:21:00
23,5,718,1,한글 맞춤법,국어심의회(2012. 11. 30.),2019-01-17 21:25:00
23,5,718,2,한글 맞춤법,국어심의회(2013. 4. 12.),2019-01-17 21:25:00
23,5,718,3,한글 맞춤법,국어심의회(2014. 2. 5.),2019-01-17 21:25:00
23,5,718,4,한글 맞춤법,국어심의회(2014. 8. 29.),2019-01-17 21:25:00
23,5,718,5,한글 맞춤법,국어규범정비위원회(2014. 7. 11.),2019-01-17 21:25:00
23,5,718,6,한글 맞춤법,국어규범정비위원회(2014. 12. 2.),2019-01-17 21:25:00
24,5,719,1,한글 맞춤법,국어규범정비위원회(2014. 12. 2.),2019-01-17 21:29:00
24,5,719,2,한글 맞춤법,국어규범정비위원회(2014. 7. 11.),2019-01-17 21:29:00
24,5,719,3,한글 맞춤법,국어심의회(2014. 8. 29.),2019-01-17 21:29:00
24,5,719,4,한글 맞춤법,국어심의회(2014. 2. 5.),2019-01-17 21:29:00
24,5,719,5,한글 맞춤법,국어심의회(2013. 4. 12.),2019-01-17 21:29:00
24,5,719,6,한글 맞춤법,국어심의회(2012. 11. 30.),2019-01-17 21:29:00
25,5,720,1,한글 맞춤법,국어심의회(2012. 11. 30.),2019-01-17 21:32:00
25,5,720,2,한글 맞춤법,국어심의회(2013. 4. 12.),2019-01-17 21:32:00
25,5,720,3,한글 맞춤법,국어심의회(2014. 2. 5.),2019-01-17 21:32:00
25,5,720,4,한글 맞춤법,국어심의회(2014. 8. 29.),2019-01-17 21:32:00
25,5,720,5,한글 맞춤법,국어규범정비위원회(2014. 7. 11.),2019-01-17 21:32:00
25,5,720,6,한글 맞춤법,국어규범정비위원회(2014. 12. 2.),2019-01-17 21:32:00
26,5,721,1,한글 맞춤법,국어규범정비위원회(2014. 12. 2.),2019-01-17 21:36:00
26,5,721,2,한글 맞춤법,국어규범정비위원회(2014. 7. 11.),2019-01-17 21:36:00
26,5,721,3,한글 맞춤법,국어심의회(2014. 8. 29.),2019-01-17 21:36:00
26,5,721,4,한글 맞춤법,국어심의회(2014. 2. 5.),2019-01-17 21:36:00
26,5,721,5,한글 맞춤법,국어심의회(2013. 4. 12.),2019-01-17 21:36:00
26,5,721,6,한글 맞춤법,국어심의회(2012. 11. 30.),2019-01-17 21:36:00
27,5,724,1,한글 맞춤법,국어규범정비위원회(2014. 12. 2.),2019-01-21 15:49:00
27,5,724,2,한글 맞춤법,국어규범정비위원회(2014. 7. 11.),2019-01-21 15:49:00
27,5,724,3,한글 맞춤법,국어심의회(2014. 8. 29.),2019-01-21 15:49:00
27,5,724,4,한글 맞춤법,국어심의회(2014. 2. 5.),2019-01-21 15:49:00
27,5,724,5,한글 맞춤법,국어심의회(2013. 4. 12.),2019-01-21 15:49:00
27,5,724,6,한글 맞춤법,국어심의회(2012. 11. 30.),2019-01-21 15:49:00
28,5,725,1,한글 맞춤법,국어규범정비위원회(2014. 12. 2.),2019-01-21 15:50:00
28,5,725,2,한글 맞춤법,국어규범정비위원회(2014. 7. 11.),2019-01-21 15:50:00
28,5,725,3,한글 맞춤법,국어심의회(2014. 8. 29.),2019-01-21 15:50:00
28,5,725,4,한글 맞춤법,국어심의회(2014. 2. 5.),2019-01-21 15:50:00
28,5,725,5,한글 맞춤법,국어심의회(2013. 4. 12.),2019-01-21 15:50:00
28,5,725,6,한글 맞춤법,국어심의회(2012. 11. 30.),2019-01-21 15:50:00
29,5,726,1,한글 맞춤법,국어규범정비위원회(2014. 12. 2.),2019-01-15 13:17:00
29,5,726,2,한글 맞춤법,국어규범정비위원회(2014. 7. 11.),2019-01-15 13:17:00
29,5,726,3,한글 맞춤법,국어심의회(2014. 8. 29.),2019-01-15 13:17:00
29,5,726,4,한글 맞춤법,국어심의회(2014. 2. 5.),2019-01-15 13:17:00
29,5,726,5,한글 맞춤법,국어심의회(2013. 4. 12.),2019-01-15 13:17:00
29,5,726,6,한글 맞춤법,국어심의회(2012. 11. 30.),2019-01-15 13:17:00
30,5,728,1,한글 맞춤법,국어규범정비위원회(2014. 12. 2.),2019-01-15 13:20:00
30,5,728,2,한글 맞춤법,국어규범정비위원회(2014. 7. 11.),2019-01-15 13:20:00
30,5,728,3,한글 맞춤법,국어심의회(2014. 8. 29.),2019-01-15 13:20:00
30,5,728,4,한글 맞춤법,국어심의회(2014. 2. 5.),2019-01-15 13:20:00
30,5,728,5,한글 맞춤법,국어심의회(2013. 4. 12.),2019-01-15 13:20:00
30,5,728,6,한글 맞춤법,국어심의회(2012. 11. 30.),2019-01-15 13:20:00
31,5,729,1,한글 맞춤법,국어규범정비위원회(2014. 12. 2.),2019-01-15 13:24:00
31,5,729,2,한글 맞춤법,국어규범정비위원회(2014. 7. 11.),2019-01-15 13:24:00
31,5,729,3,한글 맞춤법,국어심의회(2014. 8. 29.),2019-01-15 13:24:00
31,5,729,4,한글 맞춤법,국어심의회(2014. 2. 5.),2019-01-15 13:24:00
31,5,729,5,한글 맞춤법,국어심의회(2013. 4. 12.),2019-01-15 13:24:00
31,5,729,6,한글 맞춤법,국어심의회(2012. 11. 30.),2019-01-15 13:24:00
32,5,730,1,한글 맞춤법,국어심의회(2012. 11. 30.),2019-01-21 15:56:00
32,5,730,2,한글 맞춤법,국어심의회(2013. 4. 12.),2019-01-21 15:56:00
32,5,730,3,한글 맞춤법,국어심의회(2014. 2. 5.),2019-01-21 15:56:00
32,5,730,4,한글 맞춤법,국어심의회(2014. 8. 29.),2019-01-21 15:56:00
32,5,730,5,한글 맞춤법,국어규범정비위원회(2014. 7. 11.),2019-01-21 15:56:00
32,5,730,6,한글 맞춤법,국어규범정비위원회(2014. 12. 2.),2019-01-21 15:56:00
33,5,731,1,한글 맞춤법,국어규범정비위원회(2014. 12. 2.),2019-01-21 15:57:00
33,5,731,2,한글 맞춤법,국어규범정비위원회(2014. 7. 11.),2019-01-21 15:57:00
33,5,731,3,한글 맞춤법,국어심의회(2014. 8. 29.),2019-01-21 15:57:00
33,5,731,4,한글 맞춤법,국어심의회(2014. 2. 5.),2019-01-21 15:57:00
33,5,731,5,한글 맞춤법,국어심의회(2013. 4. 12.),2019-01-21 15:57:00
33,5,731,6,한글 맞춤법,국어심의회(2012. 11. 30.),2019-01-21 15:57:00
34,5,733,1,한글 맞춤법,국어심의회(2012. 11. 30.),2019-01-21 15:05:00
34,5,733,2,한글 맞춤법,국어심의회(2013. 4. 12.),2019-01-21 15:05:00
34,5,733,3,한글 맞춤법,국어심의회(2014. 2. 5.),2019-01-21 15:05:00
34,5,733,4,한글 맞춤법,국어심의회(2014. 8. 29.),2019-01-21 15:05:00
34,5,733,5,한글 맞춤법,국어규범정비위원회(2014. 7. 11.),2019-01-21 15:05:00
34,5,733,6,한글 맞춤법,국어규범정비위원회(2014. 12. 2.),2019-01-21 15:05:00
35,5,734,1,한글 맞춤법,국어규범정비위원회(2014. 12. 2.),2019-01-21 15:10:00
35,5,734,2,한글 맞춤법,국어규범정비위원회(2014. 7. 11.),2019-01-21 15:10:00
35,5,734,3,한글 맞춤법,국어심의회(2014. 8. 29.),2019-01-21 15:10:00
35,5,734,4,한글 맞춤법,국어심의회(2014. 2. 5.),2019-01-21 15:10:00
35,5,734,5,한글 맞춤법,국어심의회(2013. 4. 12.),2019-01-21 15:10:00
35,5,734,6,한글 맞춤법,국어심의회(2012. 11. 30.),2019-01-21 15:10:00
36,5,735,1,한글 맞춤법,국어규범정비위원회(2014. 12. 2.),2019-01-21 16:50:00
36,5,735,2,한글 맞춤법,국어규범정비위원회(2014. 7. 11.),2019-01-21 16:50:00
36,5,735,3,한글 맞춤법,국어심의회(2014. 8. 29.),2019-01-21 16:50:00
36,5,735,4,한글 맞춤법,국어심의회(2014. 2. 5.),2019-01-21 16:50:00
36,5,735,5,한글 맞춤법,국어심의회(2013. 4. 12.),2019-01-21 16:50:00
36,5,735,6,한글 맞춤법,국어심의회(2012. 11. 30.),2019-01-21 16:50:00
37,5,736,1,한글 맞춤법,국어규범정비위원회(2014. 12. 2.),2019-01-21 16:44:00
37,5,736,2,한글 맞춤법,국어규범정비위원회(2014. 7. 11.),2019-01-21 16:44:00
37,5,736,3,한글 맞춤법,국어심의회(2014. 8. 29.),2019-01-21 16:44:00
37,5,736,4,한글 맞춤법,국어심의회(2014. 2. 5.),2019-01-21 16:44:00
37,5,736,5,한글 맞춤법,국어심의회(2013. 4. 12.),2019-01-21 16:44:00
37,5,736,6,한글 맞춤법,국어심의회(2012. 11. 30.),2019-01-21 16:44:00
38,5,737,1,한글 맞춤법,국어규범정비위원회(2014. 12. 2.),2019-01-21 16:46:00
38,5,737,2,한글 맞춤법,국어규범정비위원회(2014. 7. 11.),2019-01-21 16:46:00
38,5,737,3,한글 맞춤법,국어심의회(2014. 8. 29.),2019-01-21 16:46:00
38,5,737,4,한글 맞춤법,국어심의회(2014. 2. 5.),2019-01-21 16:46:00
38,5,737,5,한글 맞춤법,국어심의회(2013. 4. 12.),2019-01-21 16:46:00
38,5,737,6,한글 맞춤법,국어심의회(2012. 11. 30.),2019-01-21 16:46:00
39,5,738,1,한글 맞춤법,국어규범정비위원회(2014. 12. 2.),2019-01-21 16:47:00
39,5,738,2,한글 맞춤법,국어규범정비위원회(2014. 7. 11.),2019-01-21 16:47:00
39,5,738,3,한글 맞춤법,국어심의회(2014. 8. 29.),2019-01-21 16:47:00
39,5,738,4,한글 맞춤법,국어심의회(2014. 2. 5.),2019-01-21 16:47:00
39,5,738,5,한글 맞춤법,국어심의회(2013. 4. 12.),2019-01-21 16:47:00
39,5,738,6,한글 맞춤법,국어심의회(2012. 11. 30.),2019-01-21 16:47:00
40,5,739,1,한글 맞춤법,국어규범정비위원회(2014. 12. 2.),2019-01-21 16:49:00
40,5,739,2,한글 맞춤법,국어규범정비위원회(2014. 7. 11.),2019-01-21 16:49:00
40,5,739,3,한글 맞춤법,국어심의회(2014. 8. 29.),2019-01-21 16:49:00
40,5,739,4,한글 맞춤법,국어심의회(2014. 2. 5.),2019-01-21 16:49:00
40,5,739,5,한글 맞춤법,국어심의회(2013. 4. 12.),2019-01-21 16:49:00
40,5,739,6,한글 맞춤법,국어심의회(2012. 11. 30.),2019-01-21 16:49:00
41,5,740,1,한글 맞춤법,국어규범정비위원회(2014. 12. 2.),2019-01-18 09:16:00
41,5,740,2,한글 맞춤법,국어규범정비위원회(2014. 7. 11.),2019-01-18 09:16:00
41,5,740,3,한글 맞춤법,국어심의회(2014. 8. 29.),2019-01-18 09:16:00
41,5,740,4,한글 맞춤법,국어심의회(2014. 2. 5.),2019-01-18 09:16:00
41,5,740,5,한글 맞춤법,국어심의회(2013. 4. 12.),2019-01-18 09:16:00
41,5,740,6,한글 맞춤법,국어심의회(2012. 11. 30.),2019-01-18 09:16:00
42,5,741,1,한글 맞춤법,국어규범정비위원회(2014. 12. 2.),2019-01-21 17:31:00
42,5,741,2,한글 맞춤법,국어규범정비위원회(2014. 7. 11.),2019-01-21 17:31:00
42,5,741,3,한글 맞춤법,국어심의회(2014. 8. 29.),2019-01-21 17:31:00
42,5,741,4,한글 맞춤법,국어심의회(2014. 2. 5.),2019-01-21 17:31:00
42,5,741,5,한글 맞춤법,국어심의회(2013. 4. 12.),2019-01-21 17:31:00
42,5,741,6,한글 맞춤법,국어심의회(2012. 11. 30.),2019-01-21 17:31:00
43,5,742,1,한글 맞춤법,국어규범정비위원회(2014. 12. 2.),2019-01-18 09:34:00
43,5,742,2,한글 맞춤법,국어규범정비위원회(2014. 7. 11.),2019-01-18 09:34:00
43,5,742,3,한글 맞춤법,국어심의회(2014. 8. 29.),2019-01-18 09:34:00
43,5,742,4,한글 맞춤법,국어심의회(2014. 2. 5.),2019-01-18 09:34:00
43,5,742,5,한글 맞춤법,국어심의회(2013. 4. 12.),2019-01-18 09:34:00
43,5,742,6,한글 맞춤법,국어심의회(2012. 11. 30.),2019-01-18 09:34:00
44,5,743,1,한글 맞춤법,국어심의회(2012. 11. 30.),2019-01-21 16:01:00
44,5,743,2,한글 맞춤법,국어심의회(2013. 4. 12.),2019-01-21 16:01:00
44,5,743,3,한글 맞춤법,국어심의회(2014. 2. 5.),2019-01-21 16:01:00
44,5,743,4,한글 맞춤법,국어심의회(2014. 8. 29.),2019-01-21 16:01:00
44,5,743,5,한글 맞춤법,국어규범정비위원회(2014. 7. 11.),2019-01-21 16:01:00
44,5,743,6,한글 맞춤법,국어규범정비위원회(2014. 12. 2.),2019-01-21 16:01:00
45,5,744,1,한글 맞춤법,국어규범정비위원회(2014. 12. 2.),2019-01-21 16:00:00
45,5,744,2,한글 맞춤법,국어규범정비위원회(2014. 7. 11.),2019-01-21 16:00:00
45,5,744,3,한글 맞춤법,국어심의회(2014. 8. 29.),2019-01-21 16:00:00
45,5,744,4,한글 맞춤법,국어심의회(2014. 2. 5.),2019-01-21 16:00:00
45,5,744,5,한글 맞춤법,국어심의회(2013. 4. 12.),2019-01-21 16:00:00
45,5,744,6,한글 맞춤법,국어심의회(2012. 11. 30.),2019-01-21 16:00:00
46,5,745,1,한글 맞춤법,국어규범정비위원회(2014. 12. 2.),2019-01-21 16:02:00
46,5,745,2,한글 맞춤법,국어규범정비위원회(2014. 7. 11.),2019-01-21 16:02:00
46,5,745,3,한글 맞춤법,국어심의회(2014. 8. 29.),2019-01-21 16:02:00
46,5,745,4,한글 맞춤법,국어심의회(2014. 2. 5.),2019-01-21 16:02:00
46,5,745,5,한글 맞춤법,국어심의회(2013. 4. 12.),2019-01-21 16:02:00
46,5,745,6,한글 맞춤법,국어심의회(2012. 11. 30.),2019-01-21 16:02:00
47,5,746,1,한글 맞춤법,국어규범정비위원회(2014. 12. 2.),2019-01-18 09:46:00
47,5,746,2,한글 맞춤법,국어규범정비위원회(2014. 7. 11.),2019-01-18 09:46:00
47,5,746,3,한글 맞춤법,국어심의회(2014. 8. 29.),2019-01-18 09:46:00
47,5,746,4,한글 맞춤법,국어심의회(2014. 2. 5.),2019-01-18 09:46:00
47,5,746,5,한글 맞춤법,국어심의회(2013. 4. 12.),2019-01-18 09:46:00
47,5,746,6,한글 맞춤법,국어심의회(2012. 11. 30.),2019-01-18 09:46:00
48,5,747,1,한글 맞춤법,국어심의회(2012. 11. 30.),2019-01-18 09:50:00
48,5,747,2,한글 맞춤법,국어심의회(2013. 4. 12.),2019-01-18 09:50:00
48,5,747,3,한글 맞춤법,국어심의회(2014. 2. 5.),2019-01-18 09:50:00
48,5,747,4,한글 맞춤법,국어심의회(2014. 8. 29.),2019-01-18 09:50:00
48,5,747,5,한글 맞춤법,국어규범정비위원회(2014. 7. 11.),2019-01-18 09:50:00
48,5,747,6,한글 맞춤법,국어규범정비위원회(2014. 12. 2.),2019-01-18 09:50:00
49,5,750,1,한글 맞춤법,국어규범정비위원회(2014. 12. 2.),2019-01-18 09:53:00
49,5,750,2,한글 맞춤법,국어규범정비위원회(2014. 7. 11.),2019-01-18 09:53:00
49,5,750,3,한글 맞춤법,국어심의회(2014. 8. 29.),2019-01-18 09:53:00
49,5,750,4,한글 맞춤법,국어심의회(2014. 2. 5.),2019-01-18 09:53:00
49,5,750,5,한글 맞춤법,국어심의회(2013. 4. 12.),2019-01-18 09:53:00
49,5,750,6,한글 맞춤법,국어심의회(2012. 11. 30.),2019-01-18 09:53:00
50,5,751,1,한글 맞춤법,국어규범정비위원회(2014. 12. 2.),2019-01-21 17:36:00
50,5,751,2,한글 맞춤법,국어규범정비위원회(2014. 7. 11.),2019-01-21 17:36:00
50,5,751,3,한글 맞춤법,국어심의회(2014. 8. 29.),2019-01-21 17:36:00
50,5,751,4,한글 맞춤법,국어심의회(2014. 2. 5.),2019-01-21 17:36:00
50,5,751,5,한글 맞춤법,국어심의회(2013. 4. 12.),2019-01-21 17:36:00
50,5,751,6,한글 맞춤법,국어심의회(2012. 11. 30.),2019-01-21 17:36:00
51,5,752,1,한글 맞춤법,국어규범정비위원회(2014. 12. 2.),2019-01-18 09:58:00
51,5,752,2,한글 맞춤법,국어규범정비위원회(2014. 7. 11.),2019-01-18 09:58:00
51,5,752,3,한글 맞춤법,국어심의회(2014. 8. 29.),2019-01-18 09:58:00
51,5,752,4,한글 맞춤법,국어심의회(2014. 2. 5.),2019-01-18 09:58:00
51,5,752,5,한글 맞춤법,국어심의회(2013. 4. 12.),2019-01-18 09:58:00
51,5,752,6,한글 맞춤법,국어심의회(2012. 11. 30.),2019-01-18 09:58:00
52,5,754,1,한글 맞춤법,국어규범정비위원회(2014. 12. 2.),2019-01-21 17:39:00
52,5,754,2,한글 맞춤법,국어규범정비위원회(2014. 7. 11.),2019-01-21 17:39:00
52,5,754,3,한글 맞춤법,국어심의회(2014. 8. 29.),2019-01-21 17:39:00
52,5,754,4,한글 맞춤법,국어심의회(2014. 2. 5.),2019-01-21 17:39:00
52,5,754,5,한글 맞춤법,국어심의회(2013. 4. 12.),2019-01-21 17:39:00
52,5,754,6,한글 맞춤법,국어심의회(2012. 11. 30.),2019-01-21 17:39:00
53,5,755,1,한글 맞춤법,국어규범정비위원회(2014. 12. 2.),2019-01-18 10:04:00
53,5,755,2,한글 맞춤법,국어규범정비위원회(2014. 7. 11.),2019-01-18 10:04:00
53,5,755,3,한글 맞춤법,국어심의회(2014. 8. 29.),2019-01-18 10:04:00
53,5,755,4,한글 맞춤법,국어심의회(2014. 2. 5.),2019-01-18 10:04:00
53,5,755,5,한글 맞춤법,국어심의회(2013. 4. 12.),2019-01-18 10:04:00
53,5,755,6,한글 맞춤법,국어심의회(2012. 11. 30.),2019-01-18 10:04:00
54,5,756,1,한글 맞춤법,국어심의회(2012. 11. 30.),2019-02-18 16:10:00
54,5,756,2,한글 맞춤법,국어심의회(2013. 4. 12.),2019-02-18 16:10:00
54,5,756,3,한글 맞춤법,국어심의회(2014. 2. 5.),2019-02-18 16:10:00
54,5,756,4,한글 맞춤법,국어심의회(2014. 8. 29.),2019-02-18 16:10:00
54,5,756,5,한글 맞춤법,국어규범정비위원회(2014. 7. 11.),2019-02-18 16:10:00
54,5,756,6,한글 맞춤법,국어규범정비위원회(2014. 12. 2.),2019-02-18 16:10:00
55,1,434,1,외래어 표기법,국어심의회(2016. 11. 30.),2019-01-09 09:50:00
56,5,757,1,한글 맞춤법,국어규범정비위원회(2014. 12. 2.),2019-03-05 17:33:00
56,5,757,2,한글 맞춤법,국어규범정비위원회(2014. 7. 11.),2019-03-05 17:33:00
56,5,757,3,한글 맞춤법,국어심의회(2014. 8. 29.),2019-03-05 17:33:00
56,5,757,4,한글 맞춤법,국어심의회(2014. 2. 5.),2019-03-05 17:33:00
56,5,757,5,한글 맞춤법,국어심의회(2013. 4. 12.),2019-03-05 17:33:00
56,5,757,6,한글 맞춤법,국어심의회(2012. 11. 30.),2019-03-05 17:33:00
57,1,435,1,외래어 표기법,국어심의회(2016. 11. 30.),2019-01-09 15:10:00
58,5,760,1,한글 맞춤법,국어규범정비위원회(2014. 12. 2.),2019-01-18 10:23:00
58,5,760,2,한글 맞춤법,국어규범정비위원회(2014. 7. 11.),2019-01-18 10:23:00
58,5,760,3,한글 맞춤법,국어심의회(2014. 8. 29.),2019-01-18 10:23:00
58,5,760,4,한글 맞춤법,국어심의회(2014. 2. 5.),2019-01-18 10:23:00
58,5,760,5,한글 맞춤법,국어심의회(2013. 4. 12.),2019-01-18 10:23:00
58,5,760,6,한글 맞춤법,국어심의회(2012. 11. 30.),2019-01-18 10:23:00
59,5,761,1,한글 맞춤법,국어규범정비위원회(2014. 12. 2.),2019-01-18 10:25:00
59,5,761,2,한글 맞춤법,국어규범정비위원회(2014. 7. 11.),2019-01-18 10:25:00
59,5,761,3,한글 맞춤법,국어심의회(2014. 8. 29.),2019-01-18 10:25:00
59,5,761,4,한글 맞춤법,국어심의회(2014. 2. 5.),2019-01-18 10:25:00
59,5,761,5,한글 맞춤법,국어심의회(2013. 4. 12.),2019-01-18 10:25:00
59,5,761,6,한글 맞춤법,국어심의회(2012. 11. 30.),2019-01-18 10:25:00
60,1,436,1,외래어 표기법,국어심의회(2016. 11. 30.),2019-01-09 15:10:00
61,5,762,1,한글 맞춤법,국어심의회(2012. 11. 30.),2019-01-18 10:28:00
61,5,762,2,한글 맞춤법,국어심의회(2013. 4. 12.),2019-01-18 10:28:00
61,5,762,3,한글 맞춤법,국어심의회(2014. 2. 5.),2019-01-18 10:28:00
61,5,762,4,한글 맞춤법,국어심의회(2014. 8. 29.),2019-01-18 10:28:00
61,5,762,5,한글 맞춤법,국어규범정비위원회(2014. 7. 11.),2019-01-18 10:28:00
61,5,762,6,한글 맞춤법,국어규범정비위원회(2014. 12. 2.),2019-01-18 10:28:00
62,5,765,1,한글 맞춤법,국어규범정비위원회(2014. 12. 2.),2019-01-21 17:50:00
62,5,765,2,한글 맞춤법,국어규범정비위원회(2014. 7. 11.),2019-01-21 17:50:00
62,5,765,3,한글 맞춤법,국어심의회(2014. 8. 29.),2019-01-21 17:50:00
62,5,765,4,한글 맞춤법,국어심의회(2014. 2. 5.),2019-01-21 17:50:00
62,5,765,5,한글 맞춤법,국어심의회(2013. 4. 12.),2019-01-21 17:50:00
62,5,765,6,한글 맞춤법,국어심의회(2012. 11. 30.),2019-01-21 17:50:00
63,5,766,1,한글 맞춤법,국어규범정비위원회(2014. 12. 2.),2019-01-21 17:53:00
63,5,766,2,한글 맞춤법,국어규범정비위원회(2014. 7. 11.),2019-01-21 17:53:00
63,5,766,3,한글 맞춤법,국어심의회(2014. 8. 29.),2019-01-21 17:53:00
63,5,766,4,한글 맞춤법,국어심의회(2014. 2. 5.),2019-01-21 17:53:00
63,5,766,5,한글 맞춤법,국어심의회(2013. 4. 12.),2019-01-21 17:53:00
63,5,766,6,한글 맞춤법,국어심의회(2012. 11. 30.),2019-01-21 17:53:00
64,5,768,1,한글 맞춤법,국어규범정비위원회(2014. 12. 2.),2019-01-21 17:54:00
64,5,768,2,한글 맞춤법,국어규범정비위원회(2014. 7. 11.),2019-01-21 17:54:00
64,5,768,3,한글 맞춤법,국어심의회(2014. 8. 29.),2019-01-21 17:54:00
64,5,768,4,한글 맞춤법,국어심의회(2014. 2. 5.),2019-01-21 17:54:00
64,5,768,5,한글 맞춤법,국어심의회(2013. 4. 12.),2019-01-21 17:54:00
64,5,768,6,한글 맞춤법,국어심의회(2012. 11. 30.),2019-01-21 17:54:00
65,5,769,1,한글 맞춤법,국어규범정비위원회(2014. 12. 2.),2019-01-21 17:58:00
65,5,769,2,한글 맞춤법,국어규범정비위원회(2014. 7. 11.),2019-01-21 17:58:00
65,5,769,3,한글 맞춤법,국어심의회(2014. 8. 29.),2019-01-21 17:58:00
65,5,769,4,한글 맞춤법,국어심의회(2014. 2. 5.),2019-01-21 17:58:00
65,5,769,5,한글 맞춤법,국어심의회(2013. 4. 12.),2019-01-21 17:58:00
65,5,769,6,한글 맞춤법,국어심의회(2012. 11. 30.),2019-01-21 17:58:00
66,5,771,1,한글 맞춤법,국어규범정비위원회(2014. 12. 2.),2019-01-18 10:47:00
66,5,771,2,한글 맞춤법,국어규범정비위원회(2014. 7. 11.),2019-01-18 10:47:00
66,5,771,3,한글 맞춤법,국어심의회(2014. 8. 29.),2019-01-18 10:47:00
66,5,771,4,한글 맞춤법,국어심의회(2014. 2. 5.),2019-01-18 10:47:00
66,5,771,5,한글 맞춤법,국어심의회(2013. 4. 12.),2019-01-18 10:47:00
66,5,771,6,한글 맞춤법,국어심의회(2012. 11. 30.),2019-01-18 10:47:00
67,5,772,1,한글 맞춤법,국어규범정비위원회(2014. 12. 2.),2019-01-18 10:50:00
67,5,772,2,한글 맞춤법,국어규범정비위원회(2014. 7. 11.),2019-01-18 10:50:00
67,5,772,3,한글 맞춤법,국어심의회(2014. 8. 29.),2019-01-18 10:50:00
67,5,772,4,한글 맞춤법,국어심의회(2014. 2. 5.),2019-01-18 10:50:00
67,5,772,5,한글 맞춤법,국어심의회(2013. 4. 12.),2019-01-18 10:50:00
67,5,772,6,한글 맞춤법,국어심의회(2012. 11. 30.),2019-01-18 10:50:00
68,1,438,1,외래어 표기법,국어규범정비위원회(2015. 9. 24.),2019-01-22 10:13:00
68,1,438,2,외래어 표기법,국어심의회(2016. 11. 30.),2019-01-22 10:13:00
69,5,773,1,한글 맞춤법,국어규범정비위원회(2014. 12. 2.),2019-01-18 10:53:00
69,5,773,2,한글 맞춤법,국어규범정비위원회(2014. 7. 11.),2019-01-18 10:53:00
69,5,773,3,한글 맞춤법,국어심의회(2014. 8. 29.),2019-01-18 10:53:00
69,5,773,4,한글 맞춤법,국어심의회(2014. 2. 5.),2019-01-18 10:53:00
69,5,773,5,한글 맞춤법,국어심의회(2013. 4. 12.),2019-01-18 10:53:00
69,5,773,6,한글 맞춤법,국어심의회(2012. 11. 30.),2019-01-18 10:53:00
70,5,774,1,한글 맞춤법,국어규범정비위원회(2014. 12. 2.),2019-01-18 10:56:00
70,5,774,2,한글 맞춤법,국어규범정비위원회(2014. 7. 11.),2019-01-18 10:56:00
70,5,774,3,한글 맞춤법,국어심의회(2014. 8. 29.),2019-01-18 10:56:00
70,5,774,4,한글 맞춤법,국어심의회(2014. 2. 5.),2019-01-18 10:56:00
70,5,774,5,한글 맞춤법,국어심의회(2013. 4. 12.),2019-01-18 10:56:00
70,5,774,6,한글 맞춤법,국어심의회(2012. 11. 30.),2019-01-18 10:56:00
71,1,439,1,외래어 표기법,국어심의회(2016. 11. 30.),2019-01-09 15:50:00
72,5,775,1,한글 맞춤법,국어규범정비위원회(2014. 12. 2.),2019-01-18 10:58:00
72,5,775,2,한글 맞춤법,국어규범정비위원회(2014. 7. 11.),2019-01-18 10:58:00
72,5,775,3,한글 맞춤법,국어심의회(2014. 8. 29.),2019-01-18 10:58:00
72,5,775,4,한글 맞춤법,국어심의회(2014. 2. 5.),2019-01-18 10:58:00
72,5,775,5,한글 맞춤법,국어심의회(2013. 4. 12.),2019-01-18 10:58:00
72,5,775,6,한글 맞춤법,국어심의회(2012. 11. 30.),2019-01-18 10:58:00
73,5,776,1,한글 맞춤법,국어규범정비위원회(2014. 12. 2.),2019-01-18 11:01:00
73,5,776,2,한글 맞춤법,국어규범정비위원회(2014. 7. 11.),2019-01-18 11:01:00
73,5,776,3,한글 맞춤법,국어심의회(2014. 8. 29.),2019-01-18 11:01:00
73,5,776,4,한글 맞춤법,국어심의회(2014. 2. 5.),2019-01-18 11:01:00
73,5,776,5,한글 맞춤법,국어심의회(2013. 4. 12.),2019-01-18 11:01:00
73,5,776,6,한글 맞춤법,국어심의회(2012. 11. 30.),2019-01-18 11:01:00
74,5,778,1,한글 맞춤법,국어심의회(2012. 11. 30.),2019-01-18 11:04:00
74,5,778,2,한글 맞춤법,국어심의회(2013. 4. 12.),2019-01-18 11:04:00
74,5,778,3,한글 맞춤법,국어심의회(2014. 2. 5.),2019-01-18 11:04:00
74,5,778,4,한글 맞춤법,국어심의회(2014. 8. 29.),2019-01-18 11:04:00
74,5,778,5,한글 맞춤법,국어규범정비위원회(2014. 7. 11.),2019-01-18 11:04:00
74,5,778,6,한글 맞춤법,국어규범정비위원회(2014. 12. 2.),2019-01-18 11:04:00
75,1,440,1,외래어 표기법,국어심의회(2016. 11. 30.),2019-01-09 17:28:00
76,5,779,1,한글 맞춤법,국어규범정비위원회(2014. 12. 2.),2019-01-18 11:08:00
76,5,779,2,한글 맞춤법,국어규범정비위원회(2014. 7. 11.),2019-01-18 11:08:00
76,5,779,3,한글 맞춤법,국어심의회(2014. 8. 29.),2019-01-18 11:08:00
76,5,779,4,한글 맞춤법,국어심의회(2014. 2. 5.),2019-01-18 11:08:00
76,5,779,5,한글 맞춤법,국어심의회(2013. 4. 12.),2019-01-18 11:08:00
76,5,779,6,한글 맞춤법,국어심의회(2012. 11. 30.),2019-01-18 11:08:00
77,1,441,1,외래어 표기법,국어심의회(2016. 11. 30.),2019-01-09 17:34:00
78,5,782,1,한글 맞춤법,국어규범정비위원회(2014. 12. 2.),2019-01-18 11:11:00
78,5,782,2,한글 맞춤법,국어규범정비위원회(2014. 7. 11.),2019-01-18 11:11:00
78,5,782,3,한글 맞춤법,국어심의회(2014. 8. 29.),2019-01-18 11:11:00
78,5,782,4,한글 맞춤법,국어심의회(2014. 2. 5.),2019-01-18 11:11:00
78,5,782,5,한글 맞춤법,국어심의회(2013. 4. 12.),2019-01-18 11:11:00
78,5,782,6,한글 맞춤법,국어심의회(2012. 11. 30.),2019-01-18 11:11:00
79,1,442,1,외래어 표기법,국어심의회(2016. 11. 30.),2019-01-09 17:34:00
80,5,783,1,한글 맞춤법,국어규범정비위원회(2014. 12. 2.),2019-01-18 11:14:00
80,5,783,2,한글 맞춤법,국어규범정비위원회(2014. 7. 11.),2019-01-18 11:14:00
80,5,783,3,한글 맞춤법,국어심의회(2014. 8. 29.),2019-01-18 11:14:00
80,5,783,4,한글 맞춤법,국어심의회(2014. 2. 5.),2019-01-18 11:14:00
80,5,783,5,한글 맞춤법,국어심의회(2013. 4. 12.),2019-01-18 11:14:00
80,5,783,6,한글 맞춤법,국어심의회(2012. 11. 30.),2019-01-18 11:14:00
81,1,445,1,외래어 표기법,국어심의회(2016. 11. 30.),2019-01-10 14:26:00
82,5,784,1,한글 맞춤법,국어규범정비위원회(2014. 12. 2.),2019-01-18 11:24:00
82,5,784,2,한글 맞춤법,국어규범정비위원회(2014. 7. 11.),2019-01-18 11:24:00
82,5,784,3,한글 맞춤법,국어심의회(2014. 8. 29.),2019-01-18 11:24:00
82,5,784,4,한글 맞춤법,국어심의회(2014. 2. 5.),2019-01-18 11:24:00
82,5,784,5,한글 맞춤법,국어심의회(2013. 4. 12.),2019-01-18 11:24:00
82,5,784,6,한글 맞춤법,국어심의회(2012. 11. 30.),2019-01-18 11:24:00
83,5,786,1,한글 맞춤법,국어규범정비위원회(2014. 12. 2.),2019-01-18 11:27:00
83,5,786,2,한글 맞춤법,국어규범정비위원회(2014. 7. 11.),2019-01-18 11:27:00
83,5,786,3,한글 맞춤법,국어심의회(2014. 8. 29.),2019-01-18 11:27:00
83,5,786,4,한글 맞춤법,국어심의회(2014. 2. 5.),2019-01-18 11:27:00
83,5,786,5,한글 맞춤법,국어심의회(2013. 4. 12.),2019-01-18 11:27:00
83,5,786,6,한글 맞춤법,국어심의회(2012. 11. 30.),2019-01-18 11:27:00
84,5,788,1,한글 맞춤법,국어규범정비위원회(2014. 12. 2.),2019-01-18 11:30:00
84,5,788,2,한글 맞춤법,국어규범정비위원회(2014. 7. 11.),2019-01-18 11:30:00
84,5,788,3,한글 맞춤법,국어심의회(2014. 8. 29.),2019-01-18 11:30:00
84,5,788,4,한글 맞춤법,국어심의회(2014. 2. 5.),2019-01-18 11:30:00
84,5,788,5,한글 맞춤법,국어심의회(2013. 4. 12.),2019-01-18 11:30:00
84,5,788,6,한글 맞춤법,국어심의회(2012. 11. 30.),2019-01-18 11:30:00
85,5,790,1,한글 맞춤법,국어심의회(2012. 11. 30.),2019-01-18 13:43:00
85,5,790,2,한글 맞춤법,국어심의회(2013. 4. 12.),2019-01-18 13:43:00
85,5,790,3,한글 맞춤법,국어심의회(2014. 2. 5.),2019-01-18 13:43:00
85,5,790,4,한글 맞춤법,국어심의회(2014. 8. 29.),2019-01-18 13:43:00
85,5,790,5,한글 맞춤법,국어규범정비위원회(2014. 7. 11.),2019-01-18 13:43:00
85,5,790,6,한글 맞춤법,국어규범정비위원회(2014. 12. 2.),2019-01-18 13:43:00
86,5,793,1,한글 맞춤법,국어규범정비위원회(2014. 12. 2.),2019-01-18 13:48:00
86,5,793,2,한글 맞춤법,국어규범정비위원회(2014. 7. 11.),2019-01-18 13:48:00
86,5,793,3,한글 맞춤법,국어심의회(2014. 8. 29.),2019-01-18 13:48:00
86,5,793,4,한글 맞춤법,국어심의회(2014. 2. 5.),2019-01-18 13:48:00
86,5,793,5,한글 맞춤법,국어심의회(2013. 4. 12.),2019-01-18 13:48:00
86,5,793,6,한글 맞춤법,국어심의회(2012. 11. 30.),2019-01-18 13:48:00
87,5,794,1,한글 맞춤법,국어규범정비위원회(2014. 12. 2.),2019-01-18 13:52:00
87,5,794,2,한글 맞춤법,국어규범정비위원회(2014. 7. 11.),2019-01-18 13:52:00
87,5,794,3,한글 맞춤법,국어심의회(2014. 8. 29.),2019-01-18 13:52:00
87,5,794,4,한글 맞춤법,국어심의회(2014. 2. 5.),2019-01-18 13:52:00
87,5,794,5,한글 맞춤법,국어심의회(2013. 4. 12.),2019-01-18 13:52:00
87,5,794,6,한글 맞춤법,국어심의회(2012. 11. 30.),2019-01-18 13:52:00
88,1,446,1,외래어 표기법,국어심의회(2016. 11. 30.),2019-01-10 14:26:00
89,5,796,1,한글 맞춤법,국어규범정비위원회(2014. 12. 2.),2019-01-18 13:55:00
89,5,796,2,한글 맞춤법,국어규범정비위원회(2014. 7. 11.),2019-01-18 13:55:00
89,5,796,3,한글 맞춤법,국어심의회(2014. 8. 29.),2019-01-18 13:55:00
89,5,796,4,한글 맞춤법,국어심의회(2014. 2. 5.),2019-01-18 13:55:00
89,5,796,5,한글 맞춤법,국어심의회(2013. 4. 12.),2019-01-18 13:55:00
89,5,796,6,한글 맞춤법,국어심의회(2012. 11. 30.),2019-01-18 13:55:00
90,1,447,1,외래어 표기법,국어심의회(2016. 11. 30.),2019-01-10 14:30:00
91,5,798,1,한글 맞춤법,국어규범정비위원회(2014. 12. 2.),2019-01-18 13:58:00
91,5,798,2,한글 맞춤법,국어규범정비위원회(2014. 7. 11.),2019-01-18 13:58:00
91,5,798,3,한글 맞춤법,국어심의회(2014. 8. 29.),2019-01-18 13:58:00
91,5,798,4,한글 맞춤법,국어심의회(2014. 2. 5.),2019-01-18 13:58:00
91,5,798,5,한글 맞춤법,국어심의회(2013. 4. 12.),2019-01-18 13:58:00
91,5,798,6,한글 맞춤법,국어심의회(2012. 11. 30.),2019-01-18 13:58:00
92,5,801,1,한글 맞춤법,국어규범정비위원회(2014. 12. 2.),2019-01-18 14:02:00
92,5,801,2,한글 맞춤법,국어규범정비위원회(2014. 7. 11.),2019-01-18 14:02:00
92,5,801,3,한글 맞춤법,국어심의회(2014. 8. 29.),2019-01-18 14:02:00
92,5,801,4,한글 맞춤법,국어심의회(2014. 2. 5.),2019-01-18 14:02:00
92,5,801,5,한글 맞춤법,국어심의회(2013. 4. 12.),2019-01-18 14:02:00
92,5,801,6,한글 맞춤법,국어심의회(2012. 11. 30.),2019-01-18 14:02:00
93,1,448,1,외래어 표기법,국어심의회(2016. 11. 30.),2019-01-10 14:31:00
94,5,802,1,한글 맞춤법,국어규범정비위원회(2014. 12. 2.),2019-01-18 14:05:00
94,5,802,2,한글 맞춤법,국어규범정비위원회(2014. 7. 11.),2019-01-18 14:05:00
94,5,802,3,한글 맞춤법,국어심의회(2014. 8. 29.),2019-01-18 14:05:00
94,5,802,4,한글 맞춤법,국어심의회(2014. 2. 5.),2019-01-18 14:05:00
94,5,802,5,한글 맞춤법,국어심의회(2013. 4. 12.),2019-01-18 14:05:00
94,5,802,6,한글 맞춤법,국어심의회(2012. 11. 30.),2019-01-18 14:05:00
95,5,804,1,한글 맞춤법,국어규범정비위원회(2014. 12. 2.),2019-01-18 14:08:00
95,5,804,2,한글 맞춤법,국어규범정비위원회(2014. 7. 11.),2019-01-18 14:08:00
95,5,804,3,한글 맞춤법,국어심의회(2014. 8. 29.),2019-01-18 14:08:00
95,5,804,4,한글 맞춤법,국어심의회(2014. 2. 5.),2019-01-18 14:08:00
95,5,804,5,한글 맞춤법,국어심의회(2013. 4. 12.),2019-01-18 14:08:00
95,5,804,6,한글 맞춤법,국어심의회(2012. 11. 30.),2019-01-18 14:08:00
96,1,451,1,외래어 표기법,국어심의회(2016. 11. 30.),2019-01-10 14:32:00
97,5,805,1,한글 맞춤법,국어규범정비위원회(2014. 12. 2.),2019-01-18 14:12:00
97,5,805,2,한글 맞춤법,국어규범정비위원회(2014. 7. 11.),2019-01-18 14:12:00
97,5,805,3,한글 맞춤법,국어심의회(2014. 8. 29.),2019-01-18 14:12:00
97,5,805,4,한글 맞춤법,국어심의회(2014. 2. 5.),2019-01-18 14:12:00
97,5,805,5,한글 맞춤법,국어심의회(2013. 4. 12.),2019-01-18 14:12:00
97,5,805,6,한글 맞춤법,국어심의회(2012. 11. 30.),2019-01-18 14:12:00
98,5,807,1,한글 맞춤법,국어규범정비위원회(2014. 12. 2.),2019-01-18 14:15:00
98,5,807,2,한글 맞춤법,국어규범정비위원회(2014. 7. 11.),2019-01-18 14:15:00
98,5,807,3,한글 맞춤법,국어심의회(2014. 8. 29.),2019-01-18 14:15:00
98,5,807,4,한글 맞춤법,국어심의회(2014. 2. 5.),2019-01-18 14:15:00
98,5,807,5,한글 맞춤법,국어심의회(2013. 4. 12.),2019-01-18 14:15:00
98,5,807,6,한글 맞춤법,국어심의회(2012. 11. 30.),2019-01-18 14:15:00
99,1,453,1,외래어 표기법,국어심의회(2016. 11. 30.),2019-01-15 17:41:00
100,5,808,1,한글 맞춤법,국어규범정비위원회(2014. 12. 2.),2019-01-18 14:18:00
100,5,808,2,한글 맞춤법,국어규범정비위원회(2014. 7. 11.),2019-01-18 14:18:00
100,5,808,3,한글 맞춤법,국어심의회(2014. 8. 29.),2019-01-18 14:18:00
100,5,808,4,한글 맞춤법,국어심의회(2014. 2. 5.),2019-01-18 14:18:00
100,5,808,5,한글 맞춤법,국어심의회(2013. 4. 12.),2019-01-18 14:18:00
100,5,808,6,한글 맞춤법,국어심의회(2012. 11. 30.),2019-01-18 14:18:00
101,5,809,1,한글 맞춤법,국어규범정비위원회(2014. 12. 2.),2019-01-18 15:14:00
101,5,809,2,한글 맞춤법,국어규범정비위원회(2014. 7. 11.),2019-01-18 15:14:00
101,5,809,3,한글 맞춤법,국어심의회(2014. 8. 29.),2019-01-18 15:14:00
101,5,809,4,한글 맞춤법,국어심의회(2014. 2. 5.),2019-01-18 15:14:00
101,5,809,5,한글 맞춤법,국어심의회(2013. 4. 12.),2019-01-18 15:14:00
101,5,809,6,한글 맞춤법,국어심의회(2012. 11. 30.),2019-01-18 15:14:00
102,5,810,1,한글 맞춤법,국어규범정비위원회(2014. 12. 2.),2019-01-18 15:20:00
102,5,810,2,한글 맞춤법,국어규범정비위원회(2014. 7. 11.),2019-01-18 15:20:00
102,5,810,3,한글 맞춤법,국어심의회(2014. 8. 29.),2019-01-18 15:20:00
102,5,810,4,한글 맞춤법,국어심의회(2014. 2. 5.),2019-01-18 15:20:00
102,5,810,5,한글 맞춤법,국어심의회(2013. 4. 12.),2019-01-18 15:20:00
102,5,810,6,한글 맞춤법,국어심의회(2012. 11. 30.),2019-01-18 15:20:00
103,5,811,1,한글 맞춤법,국어규범정비위원회(2014. 12. 2.),2019-01-18 15:23:00
103,5,811,2,한글 맞춤법,국어규범정비위원회(2014. 7. 11.),2019-01-18 15:23:00
103,5,811,3,한글 맞춤법,국어심의회(2014. 8. 29.),2019-01-18 15:23:00
103,5,811,4,한글 맞춤법,국어심의회(2014. 2. 5.),2019-01-18 15:23:00
103,5,811,5,한글 맞춤법,국어심의회(2013. 4. 12.),2019-01-18 15:23:00
103,5,811,6,한글 맞춤법,국어심의회(2012. 11. 30.),2019-01-18 15:23:00
104,5,812,1,한글 맞춤법,국어규범정비위원회(2014. 12. 2.),2019-01-18 15:33:00
104,5,812,2,한글 맞춤법,국어규범정비위원회(2014. 7. 11.),2019-01-18 15:33:00
104,5,812,3,한글 맞춤법,국어심의회(2014. 8. 29.),2019-01-18 15:33:00
104,5,812,4,한글 맞춤법,국어심의회(2014. 2. 5.),2019-01-18 15:33:00
104,5,812,5,한글 맞춤법,국어심의회(2013. 4. 12.),2019-01-18 15:33:00
104,5,812,6,한글 맞춤법,국어심의회(2012. 11. 30.),2019-01-18 15:33:00
105,5,813,1,한글 맞춤법,국어규범정비위원회(2014. 12. 2.),2019-01-18 15:36:00
105,5,813,2,한글 맞춤법,국어규범정비위원회(2014. 7. 11.),2019-01-18 15:36:00
105,5,813,3,한글 맞춤법,국어심의회(2014. 8. 29.),2019-01-18 15:36:00
105,5,813,4,한글 맞춤법,국어심의회(2014. 2. 5.),2019-01-18 15:36:00
105,5,813,5,한글 맞춤법,국어심의회(2013. 4. 12.),2019-01-18 15:36:00
105,5,813,6,한글 맞춤법,국어심의회(2012. 11. 30.),2019-01-18 15:36:00
106,1,454,1,외래어 표기법,국어심의회(2016. 11. 30.),2019-01-15 17:44:00
107,1,455,1,외래어 표기법,국어 심의회(2016. 11. 30.),2019-01-15 17:44:00
108,1,457,1,외래어 표기법,국어심의회(2016. 11. 30.),2019-01-15 17:45:00
109,1,458,1,외래어 표기법,국어심의회(2016. 11. 30.),2019-01-18 13:23:00
110,4,278,1,한글 맞춤법,국어심의회(2016. 11. 30.),2019-01-15 11:13:00
110,4,278,2,한글 맞춤법,국어규범정비위원회(2015. 9. 24.),2019-01-15 11:13:00
110,4,278,3,한글 맞춤법,국어심의회(2015. 3. 20.),2019-01-15 11:13:00
111,4,228,1,한글 맞춤법,국어심의회(2015. 3. 20.),2019-01-15 11:16:00
111,4,228,2,한글 맞춤법,국어규범정비위원회(2015. 9. 24.),2019-01-15 11:16:00
111,4,228,3,한글 맞춤법,국어심의회(2016. 11. 30.),2019-01-15 11:16:00
112,4,229,1,한글 맞춤법,국어심의회(2015. 3. 20.),2019-01-15 11:18:00
112,4,229,2,한글 맞춤법,국어규범정비위원회(2015. 9. 24.),2019-01-15 11:18:00
112,4,229,3,한글 맞춤법,국어심의회(2016. 11. 30.),2019-01-15 11:18:00
113,4,231,1,한글 맞춤법,국어심의회(2015. 3. 20.),2019-01-18 15:14:00
113,4,231,2,한글 맞춤법,국어규범정비위원회(2015. 9. 24.),2019-01-18 15:14:00
113,4,231,3,한글 맞춤법,국어심의회(2016. 11. 30.),2019-01-18 15:14:00
114,4,235,1,한글 맞춤법,국어심의회(2015. 3. 20.),2019-01-15 11:22:00
114,4,235,2,한글 맞춤법,국어규범정비위원회(2015. 9. 24.),2019-01-15 11:22:00
114,4,235,3,한글 맞춤법,국어심의회(2016. 11. 30.),2019-01-15 11:22:00
115,4,238,1,한글 맞춤법,국어심의회(2015. 3. 20.),2019-01-15 09:10:00
115,4,238,2,한글 맞춤법,국어규범정비위원회(2015. 9. 24.),2019-01-15 09:10:00
115,4,238,3,한글 맞춤법,국어심의회(2016. 11. 30.),2019-01-15 09:10:00
116,4,239,1,한글 맞춤법,국어심의회(2015. 3. 20.),2019-01-15 11:24:00
116,4,239,2,한글 맞춤법,국어규범정비위원회(2015. 9. 24.),2019-01-15 11:24:00
116,4,239,3,한글 맞춤법,국어심의회(2016. 11. 30.),2019-01-15 11:24:00
117,4,247,1,한글 맞춤법,국어심의회(2015. 3. 20.),2019-01-22 16:27:00
117,4,247,2,한글 맞춤법,국어규범정비위원회(2015. 9. 24.),2019-01-22 16:27:00
117,4,247,3,한글 맞춤법,국어심의회(2016. 11. 30.),2019-01-22 16:27:00
118,4,248,1,한글 맞춤법,국어심의회(2016. 11. 30.),2019-01-15 11:28:00
118,4,248,2,한글 맞춤법,국어규범정비위원회(2015. 9. 24.),2019-01-15 11:28:00
119,4,250,1,한글 맞춤법,국어심의회(2015. 3. 20.),2019-01-21 11:09:00
119,4,250,2,한글 맞춤법,국어규범정비위원회(2015. 9. 24.),2019-01-21 11:09:00
119,4,250,3,한글 맞춤법,국어심의회(2016. 11. 30.),2019-01-21 11:09:00
120,4,266,1,한글 맞춤법,국어심의회(2016. 11. 30.),2019-01-15 11:30:00
121,4,267,1,한글 맞춤법,국어규범정비위원회(2015. 9. 24.),2019-01-15 12:32:00
121,4,267,2,한글 맞춤법,국어규범정비위원회(2015. 10. 23.),2019-01-15 12:32:00
121,4,267,3,한글 맞춤법,국어심의회(2016. 11. 30.),2019-01-15 12:32:00
122,4,276,1,한글 맞춤법,국어심의회(2015. 3. 20.),2019-01-21 11:26:00
122,4,276,2,한글 맞춤법,국어규범정비위원회(2015. 9. 24.),2019-01-21 11:26:00
122,4,276,3,한글 맞춤법,국어심의회(2016. 11. 30.),2019-01-21 11:26:00
123,4,277,1,한글 맞춤법,국어심의회(2015. 3. 20.),2019-01-22 16:29:00
123,4,277,2,한글 맞춤법,국어규범정비위원회(2015. 9. 24.),2019-01-22 16:29:00
123,4,277,3,한글 맞춤법,국어심의회(2016. 11. 30.),2019-01-22 16:29:00
124,2,359,1,표준어 규정,국어심의회(2015. 3. 20.),2019-01-18 17:58:00
124,2,359,2,표준어 규정,국어규범정비위원회(2015. 9. 24.),2019-01-18 17:58:00
124,2,359,3,표준어 규정,국어심의회(2016. 11. 30.),2019-01-18 17:58:00
125,2,360,1,표준어 규정,국어심의회(2015. 3. 20.),2019-01-18 18:00:00
125,2,360,2,표준어 규정,국어규범정비위원회(2015. 9. 24.),2019-01-18 18:00:00
125,2,360,3,표준어 규정,국어심의회(2016. 11. 30.),2019-01-18 18:00:00
126,2,372,1,표준어 규정,국어심의회(2016. 11. 30.),2019-01-18 18:02:00
126,2,372,2,표준어 규정,국어규범정비위원회(2015. 9. 24.),2019-01-18 18:02:00
126,2,372,3,표준어 규정,국어심의회(2015. 3. 20.),2019-01-18 18:02:00
127,1,669,1,외래어 표기법,국어심의회(2016. 11. 30.),2019-01-15 17:55:00
128,1,687,1,외래어 표기법,국어심의회(2016. 11. 30.),2019-01-15 17:55:00
129,2,385,1,표준어 규정,국어심의회(2016. 11. 30.),2019-01-21 18:07:00
129,2,385,2,표준어 규정,국어규범정비위원회(2016. 10. 18.),2019-01-21 18:07:00
129,2,385,3,표준어 규정,국어규범정비위원회(2016. 7. 5.),2019-01-21 18:07:00
129,2,385,4,표준어 규정,어문규범검토위원회(2015. 11. 24),2019-01-21 18:07:00
129,2,385,5,표준어 규정,국어규범정비위원회(2015. 10. 23.),2019-01-21 18:07:00
129,2,385,6,표준어 규정,국어규범정비위원회(2015. 9. 24.),2019-01-21 18:07:00
129,2,385,7,표준어 규정,국어심의회(2015. 3. 20.),2019-01-21 18:07:00
129,2,385,8,표준어 규정,어문규범검토위원회(2014. 12. 31.),2019-01-21 18:07:00
130,2,400,1,표준어 규정,국어심의회(2015. 3. 20.),2019-01-18 18:19:00
130,2,400,2,표준어 규정,국어규범정비위원회(2015. 9. 24.),2019-01-18 18:19:00
130,2,400,3,표준어 규정,국어규범정비위원회(2015. 10. 23.),2019-01-18 18:19:00
130,2,400,4,표준어 규정,국어심의회(2016. 11. 30.),2019-01-18 18:19:00
131,1,530,1,외래어 표기법,국어심의회(2016. 11. 30.),2019-01-15 17:56:00
132,2,405,1,표준어 규정,국어규범정비위원회(2015. 9. 24.),2019-01-18 18:21:00
132,2,405,2,표준어 규정,국어심의회(2016. 11. 30.),2019-01-18 18:21:00
133,1,532,1,외래어 표기법,국어심의회(2016. 11. 30.),2019-01-15 17:56:00
134,1,547,1,외래어 표기법,국어심의회(2016. 11. 30.),2019-01-15 17:57:00
135,1,667,1,외래어 표기법,국어심의회(2016. 11. 30.),2019-01-15 17:57:00
136,1,617,1,외래어 표기법,국어심의회(2016. 11. 30.),2019-01-21 11:18:00
137,1,589,1,외래어 표기법,국어심의회(2016. 11. 30.),2019-01-21 11:17:00
138,2,408,1,표준어 규정,국어심의회(2016. 11. 30.),2019-01-18 18:23:00
138,2,408,2,표준어 규정,국어규범정비위원회(2015. 9. 24.),2019-01-18 18:23:00
138,2,408,3,표준어 규정,국어심의회(2015. 3. 20.),2019-01-18 18:23:00
139,1,525,1,외래어 표기법,국어심의회(2016. 11. 30.),2019-01-21 10:39:00
140,1,528,1,외래어 표기법,국어심의회(2016. 11. 30.),2019-01-18 15:06:00
141,1,540,1,외래어 표기법,국어심의회(2016. 11. 30.),2019-01-21 11:17:00
142,2,410,1,표준어 규정,국어규범정비위원회(2015. 9. 24.),2019-01-18 18:27:00
142,2,410,2,표준어 규정,국어심의회(2016. 11. 30.),2019-01-18 18:27:00
143,2,411,1,표준어 규정,국어규범정비위원회(2015. 9. 24.),2019-01-18 18:28:00
143,2,411,2,표준어 규정,국어심의회(2016. 11. 30.),2019-01-18 18:28:00
144,2,412,1,표준어 규정,국어심의회(2016. 11. 30.),2019-01-18 18:29:00
144,2,412,2,표준어 규정,국어규범정비위원회(2015. 9. 24.),2019-01-18 18:29:00
145,2,422,1,표준어 규정,국어심의회(2016. 11. 30.),2019-01-18 17:54:00
145,2,422,2,표준어 규정,국어규범정비위원회(2015. 9. 24.),2019-01-18 17:54:00
146,2,449,1,국어의 로마자 표기법,국어심의회(1995. 12. 20.),2018-10-24 16:58:00
146,2,449,2,국어의 로마자 표기법,국어심의회(1996. 3. 6.),2018-10-24 16:58:00
146,2,449,3,국어의 로마자 표기법,국어심의회(1997. 6. 4.),2018-10-24 16:58:00
146,2,449,4,국어의 로마자 표기법,국어심의회(1997. 6. 18.),2018-10-24 16:58:00
146,2,449,5,국어의 로마자 표기법,국어심의회(1997. 6. 26.),2018-10-24 16:58:00
146,2,449,6,국어의 로마자 표기법,국어심의회(1997. 7. 24.),2018-10-24 16:58:00
146,2,449,7,국어의 로마자 표기법,국어심의회(1999. 4. 6.),2018-10-24 16:58:00
146,2,449,8,국어의 로마자 표기법,국어심의회(2000. 6. 26.),2018-10-24 16:58:00
147,2,922,1,국어의 로마자 표기법,국어심의회(2000. 6. 26.),2018-10-25 09:21:00
147,2,922,2,국어의 로마자 표기법,국어심의회(1999. 4. 6.),2018-10-25 09:21:00
147,2,922,3,국어의 로마자 표기법,국어심의회(1997. 7. 24.),2018-10-25 09:21:00
147,2,922,4,국어의 로마자 표기법,국어심의회(1997. 6. 26.),2018-10-25 09:21:00
147,2,922,5,국어의 로마자 표기법,국어심의회(1997. 6. 18.),2018-10-25 09:21:00
147,2,922,6,국어의 로마자 표기법,국어심의회(1997. 6. 4.),2018-10-25 09:21:00
147,2,922,7,국어의 로마자 표기법,국어심의회(1996. 3. 6.),2018-10-25 09:21:00
147,2,922,8,국어의 로마자 표기법,국어심의회(1995. 12. 20.),2018-10-25 09:21:00
148,1,816,1,외래어 표기법,어문규범검토위원회(2014. 5. 27.),2019-01-21 11:16:00
148,1,816,2,외래어 표기법,국어규범정비위원회(2015. 4. 17.),2019-01-21 11:16:00
148,1,816,3,외래어 표기법,국어심의회(2016. 11. 30.),2019-01-21 11:16:00
149,1,512,1,외래어 표기법,국어심의회(2016. 11. 30.),2019-01-21 11:12:00
150,1,516,1,외래어 표기법,국어규범정비위원회(2015. 9. 24.),2019-01-21 11:12:00
150,1,516,2,외래어 표기법,국어심의회(2016. 11. 30.),2019-01-21 11:12:00
151,1,518,1,외래어 표기법,국어심의회(2016. 11. 30.),2019-01-21 11:11:00
152,1,519,1,외래어 표기법,국어심의회(2016. 11. 30.),2019-01-21 11:10:00
153,2,456,1,국어의 로마자 표기법,국어심의회(2000. 6. 26.),2018-11-07 14:20:00
153,2,456,2,국어의 로마자 표기법,국어심의회(1999. 4. 6.),2018-11-07 14:20:00
153,2,456,3,국어의 로마자 표기법,국어심의회(1997. 7. 24.),2018-11-07 14:20:00
153,2,456,4,국어의 로마자 표기법,국어심의회(1997. 6. 26.),2018-11-07 14:20:00
153,2,456,5,국어의 로마자 표기법,국어심의회(1997. 6. 18.),2018-11-07 14:20:00
153,2,456,6,국어의 로마자 표기법,국어심의회(1997. 6. 4.),2018-11-07 14:20:00
153,2,456,7,국어의 로마자 표기법,국어심의회(1996. 3. 6.),2018-11-07 14:20:00
153,2,456,8,국어의 로마자 표기법,국어심의회(1995. 12. 20.),2018-11-07 14:20:00
154,2,459,1,국어의 로마자 표기법,국어심의회(2000. 6. 26.),2018-12-17 15:10:00
154,2,459,2,국어의 로마자 표기법,국어심의회(1999. 4. 6.),2018-12-17 15:10:00
154,2,459,3,국어의 로마자 표기법,국어심의회(1997. 7. 24.),2018-12-17 15:10:00
154,2,459,4,국어의 로마자 표기법,국어심의회(1997. 6. 26.),2018-12-17 15:10:00
154,2,459,5,국어의 로마자 표기법,국어심의회(1997. 6. 18.),2018-12-17 15:10:00
154,2,459,6,국어의 로마자 표기법,국어심의회(1997. 6. 4.),2018-12-17 15:10:00
154,2,459,7,국어의 로마자 표기법,국어심의회(1996. 3. 6.),2018-12-17 15:10:00
154,2,459,8,국어의 로마자 표기법,국어심의회(1995. 12. 20.),2018-12-17 15:10:00
155,2,463,1,국어의 로마자 표기법,국어심의회(2000. 6. 26.),2018-12-17 17:58:00
155,2,463,2,국어의 로마자 표기법,국어심의회(1999. 4. 6.),2018-12-17 17:58:00
155,2,463,3,국어의 로마자 표기법,국어심의회(1997. 7. 24.),2018-12-17 17:58:00
155,2,463,4,국어의 로마자 표기법,국어심의회(1997. 6. 26.),2018-12-17 17:58:00
155,2,463,5,국어의 로마자 표기법,국어심의회(1997. 6. 18.),2018-12-17 17:58:00
155,2,463,6,국어의 로마자 표기법,국어심의회(1997. 6. 4.),2018-12-17 17:58:00
155,2,463,7,국어의 로마자 표기법,국어심의회(1996. 3. 6.),2018-12-17 17:58:00
155,2,463,8,국어의 로마자 표기법,국어심의회(1995. 12. 20.),2018-12-17 17:58:00
156,2,465,1,국어의 로마자 표기법,국어심의회(1995. 12. 20.),2019-01-22 14:28:00
156,2,465,2,국어의 로마자 표기법,국어심의회(1996. 3. 6.),2019-01-22 14:28:00
156,2,465,3,국어의 로마자 표기법,국어심의회(1997. 6. 4.),2019-01-22 14:28:00
156,2,465,4,국어의 로마자 표기법,국어심의회(1997. 6. 18.),2019-01-22 14:28:00
156,2,465,5,국어의 로마자 표기법,국어심의회(1997. 6. 26.),2019-01-22 14:28:00
156,2,465,6,국어의 로마자 표기법,국어심의회(1997. 7. 24.),2019-01-22 14:28:00
156,2,465,7,국어의 로마자 표기법,국어심의회(1999. 4. 6.),2019-01-22 14:28:00
156,2,465,8,국어의 로마자 표기법,국어심의회(2000. 6. 26.),2019-01-22 14:28:00
157,2,469,1,국어의 로마자 표기법,국어심의회(1995. 12. 20.),2018-11-07 17:27:00
157,2,469,2,국어의 로마자 표기법,국어심의회(1996. 3. 6.),2018-11-07 17:27:00
157,2,469,3,국어의 로마자 표기법,국어심의회(1997. 6. 4.),2018-11-07 17:27:00
157,2,469,4,국어의 로마자 표기법,국어심의회(1997. 6. 18.),2018-11-07 17:27:00
157,2,469,5,국어의 로마자 표기법,국어심의회(1997. 6. 26.),2018-11-07 17:27:00
157,2,469,6,국어의 로마자 표기법,국어심의회(1997. 7. 24.),2018-11-07 17:27:00
157,2,469,7,국어의 로마자 표기법,국어심의회(1999. 4. 6.),2018-11-07 17:27:00
157,2,469,8,국어의 로마자 표기법,국어심의회(2000. 6. 26.),2018-11-07 17:27:00
158,2,474,1,국어의 로마자 표기법,국어심의회(2000. 6. 26.),2018-11-13 15:10:00
158,2,474,2,국어의 로마자 표기법,국어심의회(1999. 4. 6.),2018-11-13 15:10:00
158,2,474,3,국어의 로마자 표기법,국어심의회(1997. 7. 24.),2018-11-13 15:10:00
158,2,474,4,국어의 로마자 표기법,국어심의회(1997. 6. 26.),2018-11-13 15:10:00
158,2,474,5,국어의 로마자 표기법,국어심의회(1997. 6. 18.),2018-11-13 15:10:00
158,2,474,6,국어의 로마자 표기법,국어심의회(1997. 6. 4.),2018-11-13 15:10:00
158,2,474,7,국어의 로마자 표기법,국어심의회(1996. 3. 6.),2018-11-13 15:10:00
158,2,474,8,국어의 로마자 표기법,국어심의회(1995. 12. 20.),2018-11-13 15:10:00
159,2,478,1,국어의 로마자 표기법,국어심의회(1995. 12. 20.),2019-01-18 15:19:00
159,2,478,2,국어의 로마자 표기법,국어심의회(1996. 3. 6.),2019-01-18 15:19:00
159,2,478,3,국어의 로마자 표기법,국어심의회(1997. 6. 4.),2019-01-18 15:19:00
159,2,478,4,국어의 로마자 표기법,국어심의회(1997. 6. 18.),2019-01-18 15:19:00
159,2,478,5,국어의 로마자 표기법,국어심의회(1997. 6. 26.),2019-01-18 15:19:00
159,2,478,6,국어의 로마자 표기법,국어심의회(1997. 7. 24.),2019-01-18 15:19:00
159,2,478,7,국어의 로마자 표기법,국어심의회(1999. 4. 6.),2019-01-18 15:19:00
159,2,478,8,국어의 로마자 표기법,국어심의회(2000. 6. 26.),2019-01-18 15:19:00
160,2,483,1,국어의 로마자 표기법,국어심의회(1995. 12. 20.),2019-01-18 15:20:00
160,2,483,2,국어의 로마자 표기법,국어심의회(1996. 3. 6.),2019-01-18 15:20:00
160,2,483,3,국어의 로마자 표기법,국어심의회(1997. 6. 4.),2019-01-18 15:20:00
160,2,483,4,국어의 로마자 표기법,국어심의회(1997. 6. 18.),2019-01-18 15:20:00
160,2,483,5,국어의 로마자 표기법,국어심의회(1997. 6. 26.),2019-01-18 15:20:00
160,2,483,6,국어의 로마자 표기법,국어심의회(1997. 7. 24.),2019-01-18 15:20:00
160,2,483,7,국어의 로마자 표기법,국어심의회(1999. 4. 6.),2019-01-18 15:20:00
160,2,483,8,국어의 로마자 표기법,국어심의회(2000. 6. 26.),2019-01-18 15:20:00
161,2,486,1,국어의 로마자 표기법,국어심의회(1995. 12. 20.),2018-10-29 16:48:00
161,2,486,2,국어의 로마자 표기법,국어심의회(1996. 3. 6.),2018-10-29 16:48:00
161,2,486,3,국어의 로마자 표기법,국어심의회(1997. 6. 4.),2018-10-29 16:48:00
161,2,486,4,국어의 로마자 표기법,국어심의회(1997. 6. 18.),2018-10-29 16:48:00
161,2,486,5,국어의 로마자 표기법,국어심의회(1997. 6. 26.),2018-10-29 16:48:00
161,2,486,6,국어의 로마자 표기법,국어심의회(1997. 7. 24.),2018-10-29 16:48:00
161,2,486,7,국어의 로마자 표기법,국어심의회(1999. 4. 6.),2018-10-29 16:48:00
161,2,486,8,국어의 로마자 표기법,국어심의회(2000. 6. 26.),2018-10-29 16:48:00
162,2,489,1,국어의 로마자 표기법,국어심의회(1995. 12. 20.),2018-11-08 09:33:00
162,2,489,2,국어의 로마자 표기법,국어심의회(1996. 3. 6.),2018-11-08 09:33:00
162,2,489,3,국어의 로마자 표기법,국어심의회(1997. 6. 4.),2018-11-08 09:33:00
162,2,489,4,국어의 로마자 표기법,국어심의회(1997. 6. 18.),2018-11-08 09:33:00
162,2,489,5,국어의 로마자 표기법,국어심의회(1997. 6. 26.),2018-11-08 09:33:00
162,2,489,6,국어의 로마자 표기법,국어심의회(1997. 7. 24.),2018-11-08 09:33:00
162,2,489,7,국어의 로마자 표기법,국어심의회(1999. 4. 6.),2018-11-08 09:33:00
162,2,489,8,국어의 로마자 표기법,국어심의회(2000. 6. 26.),2018-11-08 09:33:00
163,1,463,1,국어의 로마자 표기법,어문규범검토위원회(2014. 4. 8.),2018-11-08 10:50:00
163,1,463,2,국어의 로마자 표기법,국어규범정비위원회(2014. 6. 24),2018-11-08 10:50:00
163,1,463,3,국어의 로마자 표기법,국어심의회(2014. 8. 29.),2018-11-08 10:50:00
164,1,643,1,외래어 표기법,국어심의회(2016. 11. 30.),2019-01-21 11:09:00
165,1,669,1,외래어 표기법,국어심의회(2016. 11. 30.),2018-10-29 09:35:00
166,1,637,1,외래어 표기법,국어심의회(2016. 11. 30.),2019-01-21 11:09:00
167,1,639,1,외래어 표기법,국어심의회(2016. 11. 30.),2019-01-21 11:08:00
168,1,641,1,외래어 표기법,국어심의회(2016. 11. 30.),2019-01-21 10:50:00
169,1,642,1,외래어 표기법,국어심의회(2016. 11. 30.),2019-01-21 10:49:00
170,1,644,1,외래어 표기법,국어심의회(2016. 11. 30.),2019-01-21 10:48:00
171,1,645,1,외래어 표기법,국어심의회(2016. 11. 30.),2019-01-21 10:48:00
172,1,657,1,외래어 표기법,국어심의회(2016. 11. 30.),2019-01-21 10:47:00
173,1,703,1,외래어 표기법,국어심의회(2016. 11. 30.),2019-01-21 10:47:00
174,1,584,1,외래어 표기법,국어심의회(2016. 11. 30.),2019-01-21 10:46:00
175,1,587,1,외래어 표기법,국어심의회(2016. 11. 30.),2019-01-21 10:45:00
176,1,605,1,외래어 표기법,국어심의회(2016. 11. 30.),2019-01-21 10:45:00
177,1,607,1,외래어 표기법,국어심의회(2016. 11. 30.),2019-01-21 10:44:00
178,2,437,1,외래어 표기법,국어심의회(2012. 11. 30.),2019-01-21 10:43:00
179,2,511,1,외래어 표기법,국어심의회(2014. 8. 29.),2019-01-21 10:42:00
180,5,748,1,한글 맞춤법,국어규범정비위원회(2014. 12. 2.),2019-01-18 15:40:00
180,5,748,2,한글 맞춤법,국어규범정비위원회(2014. 7. 11.),2019-01-18 15:40:00
180,5,748,3,한글 맞춤법,국어심의회(2014. 8. 29.),2019-01-18 15:40:00
180,5,748,4,한글 맞춤법,국어심의회(2014. 2. 5.),2019-01-18 15:40:00
180,5,748,5,한글 맞춤법,국어심의회(2013. 4. 12.),2019-01-18 15:40:00
180,5,748,6,한글 맞춤법,국어심의회(2012. 11. 30.),2019-01-18 15:40:00
181,5,758,1,한글 맞춤법,국어규범정비위원회(2014. 12. 2.),2019-01-18 17:24:00
181,5,758,2,한글 맞춤법,국어규범정비위원회(2014. 7. 11.),2019-01-18 17:24:00
181,5,758,3,한글 맞춤법,국어심의회(2014. 8. 29.),2019-01-18 17:24:00
181,5,758,4,한글 맞춤법,국어심의회(2014. 2. 5.),2019-01-18 17:24:00
181,5,758,5,한글 맞춤법,국어심의회(2013. 4. 12.),2019-01-18 17:24:00
181,5,758,6,한글 맞춤법,국어심의회(2012. 11. 30.),2019-01-18 17:24:00
182,5,763,1,한글 맞춤법,국어심의회(2012. 11. 30.),2019-01-18 17:29:00
182,5,763,2,한글 맞춤법,국어심의회(2013. 4. 12.),2019-01-18 17:29:00
182,5,763,3,한글 맞춤법,국어심의회(2014. 2. 5.),2019-01-18 17:29:00
182,5,763,4,한글 맞춤법,국어심의회(2014. 8. 29.),2019-01-18 17:29:00
182,5,763,5,한글 맞춤법,국어규범정비위원회(2014. 7. 11.),2019-01-18 17:29:00
182,5,763,6,한글 맞춤법,국어규범정비위원회(2014. 12. 2.),2019-01-18 17:29:00
183,5,791,1,한글 맞춤법,국어규범정비위원회(2014. 12. 2.),2019-01-18 17:32:00
183,5,791,2,한글 맞춤법,국어규범정비위원회(2014. 7. 11.),2019-01-18 17:32:00
183,5,791,3,한글 맞춤법,국어심의회(2014. 8. 29.),2019-01-18 17:32:00
183,5,791,4,한글 맞춤법,국어심의회(2014. 2. 5.),2019-01-18 17:32:00
183,5,791,5,한글 맞춤법,국어심의회(2013. 4. 12.),2019-01-18 17:32:00
183,5,791,6,한글 맞춤법,국어심의회(2012. 11. 30.),2019-01-18 17:32:00
184,7,586,1,외래어 표기법,국어심의회(1992. 4.),2018-11-21 18:10:00
185,2,429,1,외래어 표기법,111,2018-11-30 10:55:00
186,3,350,1,표준어 규정,테스트등록,2018-12-04 15:17:00
186,3,350,2,표준어 규정,ㅇㅇㅇㅇㅇ,2018-12-04 15:17:00
187,4,221,1,한글 맞춤법,테스트,2019-01-10 11:50:00
188,5,433,1,외래어 표기법,국어 심의회,2019-01-21 14:13:00
