항별연혁번호,규정번호,고시번호,규정코드,규정경로,시행일,구분,개정요약,이전내용,개정내용,항별연혁설명,노출여부,수정여부,등록일시,수정일시
2,238,5,한글 맞춤법,본문>제4장>제2절>제18항,2015-01-01 00:00:00,부,,,"용례 삭제: '3. 어간의 끝 'ㅎ'이 줄어질 적' 용례 '그럽니다', '까맙니다', '동그랍니다', '퍼럽니다' '하얍니다' 삭제","표준어 사정 원칙 제17항에 상충하는 용례인 ""그럽니다, 까맙니다, 동그랍니다, 퍼럽니다, 하얍니다""를 용례에서 삭제함. 표준어 사정 원칙 제17항에서는 ‘-읍니다’가 아닌 ‘-습니다’를 표준형으로 인정함. ‘그렇- + -습니다’와 같이 모음 앞에서 받침 ‘ㅎ’ 탈락하는 환경이 아니므로, ‘ㅎ’이 탈락한 형태인 ‘그럽니다, 까맙니다, 동그랍니다, 퍼럽니다, 하얍니다'를 인정하지 않음.",Y,Y,2017-06-14 14:10:00,2018-10-17 18:14:00
5,673,7,국어의 로마자 표기법,본문>제1장>제3항,2000-07-07 00:00:00,부,,,"조항 삭제: ""1음운 1기호의 표기를 원칙으로 한다""",기존 규정이 한국어 1음운을 로마자 두 글자(digraph)로써 표기하지 않는다는 의미와 한국어 1음운을 환경에 따라 다르게 표기하지 않는다는 중의적인 의미를 갖고 있어 모호했음. 더욱이 1음운을 두 글자로써 표기하지 않는다는 원칙은 예외가 너무 많아 원칙으로서의 의의가 별로 없었음.,Y,Y,2017-06-20 17:37:00,2017-09-07 17:21:00
6,238,4,한글 맞춤법,본문>제4장>제2절>제18항,2015-01-01 00:00:00,부,,,"용례 삭제: ""그럽니다, 까맙니다, 동그랍니다, 퍼럽니다, 하얍니다"" 그렇습니다.","표준어 사정 원칙 제17항에 따르면, '그렇습니다, 까맣습니다, 동그랗습니다, 퍼렇습니다, 하얗습니다'가 옳은 표현임. 상충하는 용례를 삭제함.",Y,Y,2017-08-16 13:23:00,2018-09-14 13:42:00
7,489,8,국어의 로마자 표기법,본문>제3장>제8항,1984-01-13 00:00:00,부,,,조항 생성,국어의 로마자 표기법을 고시함에 따라 조항이 생성됨.,Y,Y,2017-09-12 17:18:00,2017-12-20 15:18:00
8,489,7,국어의 로마자 표기법,본문>제3장>제8항,2000-07-07 00:00:00,부,,,기존 규정 삭제 및 조항 신설,학술적 용도에서 한글 복원을 전제로 할 경우에는 한글 맞춤법에 따른 글자를 그대로 로마자로 옮기도록 함.(표준 발음에 따라 로마자 표기를 할 수 없고 글자대로 표기해야 할 경우의 표기 기준을 명시함.),Y,Y,2017-09-12 17:21:00,2017-12-20 15:20:00
10,686,1,외래어 표기법,본문>제4장>제3절>제5항,2017-03-28 00:00:00,부,,,조항 삭제,"해', '섬', '강', '산' 등의 띄어쓰기에 관한 종전의 규정을 삭제함에 따라, 본래 제5항에 있던 내용을 제4항으로 올리고 제5항은 삭제함.",Y,Y,2017-09-13 15:40:00,2017-12-28 13:58:00
11,489,1,국어의 로마자 표기법,본문>제3장>제8항,2017-03-28 00:00:00,부,,,"띄어쓰기 수정: ""이 때"" → ""이때""","규정문에 나오는 ""이 때""는 <표준국어대사전> 기준으로 한 단어이므로, ""이때""로 붙여 쓰는 것으로 수정함.",Y,Y,2017-12-20 15:22:00,
12,437,20,외래어 표기법,본문>제2장>표 4,2014-12-05 00:00:00,부,,,일부 추가: “ニャ ニュ ニョ / 냐 뉴 뇨 / 냐 뉴 뇨”,"일본어의 가나와 한글 대조표'에 일본의 인명과 지명에 사용되는 ‘ニャ(냐), ニュ(뉴), ニョ(뇨)’가 누락되어 있어서 추가함.",Y,Y,2017-12-20 16:26:00,2017-12-28 13:57:00
13,511,20,외래어 표기법,본문>제3장>제2절>제1항,2014-12-05 00:00:00,부,,,"용례 수정: ""Razur[razuːr] 라주어"" → ""Rasur[razuːr] 라주어""","독일어의 표기 세칙에서, 제1항의 2에 제시된 용례 'Razur'는 'Rasur'의 오기이므로 수정함.('Rasur'는 '삭제'라는 뜻의 독일어임.)",Y,Y,2017-12-20 16:28:00,2017-12-28 13:55:00
17,238,5,한글 맞춤법,본문>제4장>제2절>제18항,2015-01-01 00:00:00,부,용례 삭제,그렇다: 그러니 그럴 그러면그럽니다그러오 까맣다: 까마니 까말 까마면까맙니다까마오 동그랗다: 동그라니 동그랄 동그라면동그랍니다동그라오 퍼렇다: 퍼러니 퍼럴 퍼러면퍼럽니다퍼러오 하얗다: 하야니 하얄 하야면하얍니다하야오,그렇다: 그러니 그럴 그러면 그러오 까맣다: 까마니 까말 까마면 까마오 동그랗다: 동그라니 동그랄 동그라면 동그라오 퍼렇다: 퍼러니 퍼럴 퍼러면 퍼러오 하얗다: 하야니 하얄 하야면 하야오,"표준어 사정 원칙 제17항에 상충하는 용례인 ""그럽니다, 까맙니다, 동그랍니다, 퍼럽니다, 하얍니다""를 용례에서 삭제함. 표준어 사정 원칙 제17항에서는 ‘-읍니다’가 아닌 ‘-습니다’를 표준형으로 인정함. ‘그렇- + -습니다’와 같이 모음 앞에서 받침 ‘ㅎ’ 탈락하는 환경이 아니므로, ‘ㅎ’이 탈락한 형태인 ‘그럽니다, 까맙니다…’를 인정하지 않음.",Y,N,2018-10-19 14:43:00,2019-01-17 21:15:00
18,252,5,한글 맞춤법,본문>제4장>제5절>제32항,2015-01-01 00:00:00,부,용례 삭제,"본말준말기러기야 기럭아 어제그저께 엊그저께 어제저녁 엊저녁온가지온갖가지고, 가지지 갖고, 갖지 디디고, 디디지 딛고, 딛지","본말준말기러기야 기럭아 어제그저께 엊그저께 어제저녁 엊저녁 가지고, 가지지 갖고, 갖지 디디고, 디디지 딛고, 딛지","표준어 사정 원칙 제14항에서 '온가지'를 비표준어로 처리하였으므로, 이에 상충하는 용례 '온가지, 온갖'을 삭제함.",Y,N,2018-10-19 16:35:00,2019-01-18 14:50:00
22,716,5,한글 맞춤법,부록>문장 부호>,2015-01-01 00:00:00,부,총칙 내용 보충,문장 부호의 이름과 그 사용법은 다음과 같이 정한다.,문장 부호는 글에서 문장의 구조를 드러내거나 글쓴이의 의도를 전달하기 위해 사용하는 부호이다. 문장 부호의 이름과 사용법은 다음과 같이 정한다.,"규정 첫머리에 문장 부호의 정의를 기술함으로써 규정 대상에 대한 기초 정보를 제시함. (""문장 부호의 이름과 그 사용법은 다음과 같이 정한다."" → ""문장 부호는 글에서 문장의 구조를 드러내거나 글쓴이의 의도를 전달하기 위해 사용하는 부호이다. 문장 부호의 이름과 사용법은 다음과 같이 정한다."")",Y,N,2018-10-22 15:47:00,2019-01-17 21:21:00
23,718,5,한글 맞춤법,부록>1.>(1),2015-01-01 00:00:00,부,"용례 변경, [붙임 1]과 [붙임 2] 추가, [다만] 용어 수정","(1) 서술, 명령, 청유 등을 나타내는 문장의 끝에 쓴다.젊은이는 나라의 기둥이다.황금 보기를 돌같이 하라.집으로 돌아가자.다만, 표제어나 표어에는 쓰지 않는다.압록강은흐른다(표제어)꺼진 불도 다시 보자(표어)","(1) 서술, 명령, 청유 등을 나타내는 문장의 끝에 쓴다.젊은이는 나라의 기둥입니다.제 손을 꼭 잡으세요.집으로 돌아갑시다.가는 말이 고와야 오는 말이 곱다.[붙임 1] 직접 인용한 문장의 끝에는 쓰는 것을 원칙으로 하되, 쓰지 않는 것을 허용한다.(ㄱ을 원칙으로 하고, ㄴ을 허용함.)ㄱ. 그는 ""지금 바로 떠나자.""라고 말하며 서둘러 짐을 챙겼다.ㄴ. 그는 ""지금 바로 떠나자""라고 말하며 서둘러 짐을 챙겼다.[붙임 2] 용언의 명사형이나 명사로 끝나는 문장에는 쓰는 것을 원칙으로 하되, 쓰지 않는 것을 허용한다.(ㄱ을 원칙으로 하고, ㄴ을 허용함.)ㄱ. 목적을 이루기 위하여 몸과 마음을 다하여 애를 씀.ㄴ. 목적을 이루기 위하여 몸과 마음을 다하여 애를 씀ㄱ. 결과에 연연하지 않고 끝까지 최선을 다하기.ㄴ. 결과에 연연하지 않고 끝까지 최선을 다하기ㄱ. 신입 사원 모집을 위한 기업 설명회 개최.ㄴ. 신입 사원 모집을 위한 기업 설명회 개최ㄱ. 내일 오전까지 보고서를 제출할 것.ㄴ. 내일 오전까지 보고서를 제출할 것다만, 제목이나 표어에는 쓰지 않음을 원칙으로 한다.압록강은 흐른다 꺼진 불도 다시 보자 건강한 몸 만들기","용례 변경: ""젊은이는 나라의 기둥이다."", ""황금 보기를 돌같이 하라."", ""집으로 돌아가자."" → ""젊은이는 나라의 기둥입니다."", ""제 손을 꼭 잡으세요."", ""집으로 돌아갑시다."", ""가는 말이 고와야 오는 말이 곱다."" [붙임 1] 추가: 실제 글에서는 직접 인용과 간접 인용이 명확히 구분되지 않는 경우가 많음. 또한 따옴표가 문장의 경계를 구분하는 역할을 하므로 마침표는 잉여적일 수 있다는 점을 고려하여 직접 인용한 문장의 끝에서는 마침표를 선택적으로 사용할 수 있도록 함. [붙임 2] 추가: 이른바 ‘명사문’이 많이 쓰이는 공문서 등에서는 현실적으로 마침표를 쓰지 않는 경우가 많은 것을 고려하여, 명사문에서는 마침표의 사용 여부를 선택할 수 있게 함. [다만] 용어 수정: 다소 생소한 ‘표제어’에서 일반적으로 쓰이는 ‘제목’으로 용어를 수정함.(""다만, 표제어나 표어에는 쓰지 않는다."" → ""다만, 제목이나 표어에는 쓰지 않음을 원칙으로 한다."")",Y,N,2018-10-22 16:06:00,2019-01-17 21:25:00
24,719,5,한글 맞춤법,부록>1.>(2),2015-01-01 00:00:00,부,"표현 일부 수정, 용례 변경",(2) 아라비아 숫자만으로 연월일을 표시할적에쓴다.1919. 3. 1. (1919년 3월 1일),(2) 아라비아 숫자만으로 연월일을 표시할때쓴다.1919. 3. 1. 10. 1.~10. 12.,"표현 수정: ""아라비아 숫자만으로 연월일을 표시할 적에 쓴다."" → ""아라비아 숫자만으로 연월일을 표시할 때 쓴다."" 용례 변경: ""1919. 3. 1. (1919년 3월 1일)"" → ""1919. 3. 1."", ""10. 1.~10. 12.""",Y,N,2018-10-22 16:10:00,2019-01-17 21:29:00
25,720,5,한글 맞춤법,부록>1.>(3),2015-01-01 00:00:00,부,조항 신설,,(3) 특정한 의미가 있는 날을 표시할 때 월과 일을 나타내는 아라비아 숫자 사이에 쓴다.3.1 운동 8.15 광복[붙임] 이때는 마침표 대신 가운뎃점을 쓸 수 있다.3ㆍ1 운동 8ㆍ15 광복,"월과 일을 나타내는 아라비아 숫자 사이에 마침표를 써서 특정한 의미가 있는 날을 표시할 수 있게 함. 기존 규정에서는 가운뎃점으로만 쓰도록 되어 있었으나, 마침표를 원칙으로 하고 가운뎃점을 허용하는 것으로 수정함.(""3.1 운동"", ""8.15 광복"")",Y,N,2018-10-22 16:17:00,2019-01-17 21:32:00
26,721,5,한글 맞춤법,부록>1.>(4),2015-01-01 00:00:00,부,"조항 내용 삭제, 구조 변경, 표현 수정, 용례 추가 및 수정",(3) 표시 문자 다음에 쓴다.1. 마침표 ㄱ. 물음표 가. 인명(4) 준말을 나타내는 데 쓴다.서. 1987. 3. 5. (서기),"(4) 장, 절, 항 등을 표시하는 문자나 숫자 다음에 쓴다.가. 인명 ㄱ. 머리말 Ⅰ. 서론 1. 연구 목적","조항 삭제: (4) ""준말을 나타내는 데 쓴다."" 내용 삭제 구조 변경: 조항의 위치를 1.(3)에서 1.(4)로 변경함. 1(3) '표시 문자’의 개념을 좀 더 구체적으로 기술하는 내용을 추가함.[""(3) 표시 문자 다음에 쓴다."" → ""(4) 장, 절, 항 등을 표시하는 문자나 숫자 다음에 쓴다.""] 용례 추가 및 수정: ""1. 마침표"", ""ㄱ. 물음표"","" 가. 인명"" → ""가. 인명"", ""ㄱ. 머리말"", "" I. 서론"", ""1. 연구 목적""",Y,N,2018-10-22 16:28:00,2019-01-17 21:36:00
27,724,5,한글 맞춤법,부록>2.>(1),2015-01-01 00:00:00,부,"구조 변경, 표현 수정, [다만] 추가, 용례 추가 및 수정",(1) 직접 질문할 때에 쓴다.이제 가면 언제 돌아오니? 이름이 뭐지?(2) 반어나 수사 의문(修辭疑問)을 나타낼 때 쓴다.제가 감히 거역할 리가 있읍니까?이게 은혜에 대한 보답이냐?남북 통일이 되면 얼마나 좋을까?,"(1) 의문문이나 의문을 나타내는 어구의 끝에 쓴다.점심 먹었어?이번에 가시면 언제 돌아오세요?제가 부모님 말씀을 따르지 않을 리가 있겠습니까?남북이 통일되면 얼마나 좋을까?다섯 살짜리 꼬마가 이 멀고 험한 곳까지 혼자 왔다?지금? 뭐라고? 네?[붙임 1] 한 문장 안에 몇 개의 선택적인 물음이 이어질 때는 맨 끝의 물음에만 쓰고, 각 물음이 독립적일 때는 각 물음의 뒤에 쓴다.너는 중학생이냐, 고등학생이냐?너는 여기에 언제 왔니? 어디서 왔니? 무엇하러 왔니?[붙임 2] 의문의 정도가 약할 때는 물음표 대신 마침표를 쓸 수 있다.도대체 이 일을 어쩐단 말이냐.이것이 과연 내가 찾던 행복일까.다만, 제목이나 표어에는 쓰지 않음을 원칙으로 한다.역사란 무엇인가 아직도 담배를 피우십니까","구조 변경: Ⅰ.2.(1), (2)를 하나로 묶어 물음표의 기본적인 용법을 기술함.[""(1) 직접 질문할 때에 쓴다."", ""(2) 반어나 수사 의문(修辭疑問)을 나타낼 때에 쓴다."" → ""(1) 의문문이나 의문을 나타내는 어구의 끝에 쓴다.""] [다만] 추가: ""다만, 제목이나 표어에는 쓰지 않음을 원칙으로 한다."" 용례 추가 및 수정: ""이제 가면 언제 돌아오니?"", ""이름이 뭐지?"" → ""점심 먹었어?"", ""이번에 가시면 언제 돌아오세요?"" , ""제가 부모님 말씀을 따르지 않을 리가 있겠습니까?"", ""남북이 통일되면 얼마나 좋을까?"", ""다섯 살짜리 꼬마가 이 멀고 험한 곳까지 혼자 왔다?"" , ""지금?"", ""뭐라고?"", ""네?""",Y,N,2018-10-22 16:50:00,2019-01-21 15:49:00
28,725,5,한글 맞춤법,부록>2.>(2),2015-01-01 00:00:00,부,"구조 변경, 표현 일부 수정, 용례 추가 및 수정","(3) 특정한 어구 또는 그 내용에 대하여 의심이나 빈정거림, 비웃음 등을 표시할 때, 또는 적절한 말을 쓰기 어려운 경우에 소괄호 안에 쓴다.그것 참 훌륭한(?) 태도야.우리 집 고양이가 가출(?)을 했어요.","(2) 특정한 어구의 내용에 대하여 의심, 빈정거림 등을 표시할 때, 또는 적절한 말을 쓰기 어려울 때 소괄호 안에 쓴다.우리와 의견을 같이할 사람은 최 선생(?) 정도인 것 같다.30점이라, 거참 훌륭한(?) 성적이군.우리 집 강아지가 가출(?)을 했어요.","구조 변경: 조항의 위치를 Ⅰ.2.(3)에서 2.(2)로 변경함.[""(3) 특정한 어구 또는 그 내용에 대하여 의심이나 빈정거림, 비웃음 등을 표시할 때, 또는 적절한 말을 쓰기 어려운 경우에 소괄호 안에 쓴다."" → ""(2) 특정한 어구의 내용에 대하여 의심, 빈정거림 등을 표시할 때, 또는 적절한 말을 쓰기 어려울 때 소괄호 안에 쓴다.""] 용례 추가 및 수정: ""그것 참 훌륭한(?) 태도야."", ""우리 집 고양이가 가출(?)을 했어요."" → ""우리와 의견을 같이할 사람은 최 선생(?) 정도인 것 같다."", ""30점이라, 거참 훌륭한(?) 성적이군."", ""우리 집 강아지가 가출(?)을 했어요.""",Y,N,2018-10-22 16:54:00,2019-01-21 15:50:00
29,726,5,한글 맞춤법,부록>2.>(3),2015-01-01 00:00:00,부,조항 신설,,"(3) 모르거나 불확실한 내용임을 나타낼 때 쓴다.최치원(857~?)은 통일 신라 말기에 이름을 떨쳤던 학자이자 문장가이다.조선 시대의 시인 강백(1690?~1777?)의 자는 자청이고, 호는 우곡이다.","모르거나 불확실한 내용임을 나타낼 때 쓴다.[""최치원(857～?)은 통일 신라 말기에 이름을 떨쳤던 학자이자 문장가이다."", ""조선 시대의 시인 강백(1690?～1777?)의 자는 자청이고, 호는 우곡이다.""]",Y,N,2018-10-22 17:07:00,2019-01-15 13:17:00
30,728,5,한글 맞춤법,부록>3.>(1),2015-01-01 00:00:00,부,"표현 수정, [붙임] 내용 추가, 용례 추가 및 수정","(1) 느낌을 힘차게 나타내기 위해 감탄사나 감탄형 종결어미 다음에 쓴다.앗! 아, 달이 밝구나!","(1) 감탄문이나 감탄사의 끝에 쓴다.이거 정말 큰일이 났구나! 어머![붙임] 감탄의 정도가 약할 때는 느낌표 대신 쉼표나 마침표를 쓸 수 있다.어, 벌써 끝났네. 날씨가 참 좋군.","표현 수정: 느낌표의 기본적인 용법을 설명하는 문장을 수정하여 기술함.(""느낌을 힘차게 나타내기 위해 감탄사나 감탄형 종결 어미 다음에 쓴다."" → ""감탄문이나 감탄사의 끝에 쓴다."") [붙임] 내용 추가: 마침표 외에 쉼표도 쓸 수 있다는 점을 추가함.[""감탄형 어미로 끝나는 문장이라도 감탄의 정도가 약할 때에는 느낌표 대신 온점(또는 고리점)을 쓸 수도 있다."" → ""감탄의 정도가 약할 때는 느낌표 대신 쉼표나 마침표를 쓸 수 있다.""]",Y,N,2018-10-23 14:34:00,2019-01-15 13:20:00
31,729,5,한글 맞춤법,부록>3.>(2),2015-01-01 00:00:00,부,"조항 수정, 용례 수정",(2) 강한 명령문 또는 청유문에 쓴다.지금 즉시 대답해! 부디 몸조심하도록!,"(2) 특별히 강한 느낌을 나타내는 어구, 평서문, 명령문, 청유문에 쓴다.청춘! 이는 듣기만 하여도 가슴이 설레는 말이다. 이야, 정말 재밌다!지금 즉시 대답해! 앞만 보고 달리자!","느낌표가 감탄문 이외의 문장에서 쓰이는 경우를 보다 구체적으로 기술함.(""강한 명령문 또는 청유문에 쓴다."" → ""특별히 강한 느낌을 나타내는 어구, 평서문, 명령문, 청유문에 쓴다."")",Y,N,2018-10-23 14:37:00,2019-01-15 13:24:00
32,730,5,한글 맞춤법,부록>3.>(3),2015-01-01 00:00:00,부,"구조 변경, 표현 일부 수정",(4)물음의말로써놀람이나 항의의 뜻을 나타내는 경우에 쓴다. 이게 누구야! 내가 왜 나빠!,(3)물음의말로놀람이나 항의의 뜻을 나타내는 경우에 쓴다. 이게 누구야! 내가 왜 나빠!,"조항의 위치를 Ⅰ.3.(4)에서 3.(3)으로 변경함.[""(4) 물음의 말로써 놀람이나 항의의 뜻을 나타내는 경우에 쓴다."" → ""(3) 물음의 말로 놀람이나 항의의 뜻을 나타내는 경우에 쓴다.""]",Y,N,2018-10-23 14:44:00,2019-01-21 15:56:00
33,731,5,한글 맞춤법,부록>3.>(4),2015-01-01 00:00:00,부,"구조 변경, 표현 수정, 용례 추가 및 수정","(3) 감정을 넣어 다른 사람을 부르거나 대답할 적에 쓴다.춘향아! 예, 도련님!","(4) 감정을 넣어 대답하거나 다른 사람을 부를 때 쓴다.네! 네, 선생님! 흥부야! 언니!","조항의 위치를 Ⅰ.3.(3)에서 3.(4)로 변경함.[""(3) 감정을 넣어 다른 사람을 부르거나 대답할 적에 쓴다."" → ""(4) 감정을 넣어 대답하거나 다른 사람을 부를 때 쓴다.""]",Y,N,2018-10-23 14:56:00,2019-01-21 15:57:00
34,733,5,한글 맞춤법,부록>4.>(1),2015-01-01 00:00:00,부,"내용 일부 수정 및 보충, [다만] 추가, 용례 추가","(1)같은 자격의 어구가 열거될 때에 쓴다.근면, 검소, 협동은 우리 겨레의 미덕이다. 충청도의 계룡산, 전라도의 내장산, 강원도의 설악산은 모두 국립 공원이다.다만,조사로 연결될 적에는 쓰지 않는다.매화와 난초와 국화와 대나무를 사군자라고 한다.","(1)같은 자격의 어구를 열거할 때 그 사이에 쓴다.근면, 검소, 협동은 우리 겨레의 미덕이다. 충청도의 계룡산, 전라도의 내장산, 강원도의 설악산은 모두 국립 공원이다.집을 보러 가면 그 집이 내가 원하는 조건에 맞는지, 살기에 편한지, 망가진 곳은 없는지 확인해야 한다.5보다 작은 자연수는 1, 2, 3, 4이다.다만, (가) 쉼표 없이도 열거되는 사항임이 쉽게 드러날 때는 쓰지 않을 수 있다.아버지 어머니께서 함께 오셨어요.네 돈 내 돈 다 합쳐 보아야 만 원도 안 되겠다.(나) 열거할 어구들을 생략할 때 사용하는 줄임표 앞에는 쉼표를 쓰지 않는다.광역시: 광주, 대구, 대전……","조항 수정: 표현을 수정함.(""같은 자격의 어구가 열거될 때에 쓴다."" → ""같은 자격의 어구를 열거할 때 그 사이에 쓴다."") [다만] 추가: (가), (나)를 추가하여 쉼표의 용법에 관한 구체적인 설명을 보충함.",Y,N,2018-10-23 14:58:00,2019-01-21 15:05:00
35,734,5,한글 맞춤법,부록>4.>(2),2015-01-01 00:00:00,부,조항 수정,(2) 짝을 지어구별할 필요가 있을 때에 쓴다.,(2) 짝을 지어구별할 때 쓴다.,"표현을 명료하게 수정함.(""짝을 지어 구별할 필요가 있을 때에 쓴다."" → ""짝을 지어 구별할 때 쓴다."")",Y,N,2018-10-23 15:00:00,2019-01-21 15:10:00
36,735,5,한글 맞춤법,부록>4.>(3),2015-01-01 00:00:00,부,"구조 변경, 표현 수정, 용례 수정","(14) 수의 폭이나 개략의 수를 나타낼 때에 쓴다.5, 6 세기 6, 7 개","(3) 이웃하는 수를 개략적으로 나타낼 때 쓴다.5, 6세기 6, 7, 8개","조항의 위치를 Ⅱ.1.(14)에서 4.(3)으로 변경하고 표현을 수정함.[""Ⅱ.1.(14) 수의 폭이나 개략의 수를 나타낼 때에 쓴다."" → ""4.(3) 이웃하는 수를 개략적으로 나타낼 때 쓴다.""]",Y,N,2018-10-23 15:03:00,2019-01-21 16:50:00
37,736,5,한글 맞춤법,부록>4.>(4),2015-01-01 00:00:00,부,"구조 변경, 표현 수정, 용례 수정","(9) 문장 첫머리의 접속이나 연결을 나타내는 말 다음에 쓴다.첫째, 몸이 튼튼해야된다.아무튼, 나는 집에 돌아가겠다.다만, 일반적으로 쓰이는 접속어(그러나, 그러므로, 그리고, 그런데 등) 뒤에는 쓰지 않음을 원칙으로 한다.그러나 너는 실망할 필요가 없다.","(4) 열거의 순서를 나타내는 어구 다음에 쓴다.첫째, 몸이 튼튼해야한다.마지막으로, 무엇보다 마음이 편해야 한다.","조항의 위치를 Ⅱ.1.(9)에서 4.(4)로 변경하고 표현을 수정함.[""Ⅱ.1.(9) 문장 첫머리의 접속이나 연결을 나타내는 말 다음에 쓴다."" → ""4.(4) 열거의 순서를 나타내는 어구 다음에 쓴다.""]",Y,N,2018-10-23 15:05:00,2019-01-21 16:44:00
38,737,5,한글 맞춤법,부록>4.>(5),2015-01-01 00:00:00,부,"구조 변경, 표현 수정, 용례 추가 및 수정","(4) 대등하거나 종속적인 절이 이어질 때에 절 사이에 쓴다.콩 심으면 콩 나고, 팥 심으면 팥 난다.흰 눈이 내리니, 경치가 더욱 아름답다.","(5) 문장의 연결 관계를 분명히 하고자 할 때 절과 절 사이에 쓴다.콩 심은 데 콩 나고, 팥 심은 데 팥 난다.저는 신뢰와 정직을 생명과 같이 여기고 살아온바, 이번 비리 사건과는 무관하다는 점을 분명히 밝힙니다.떡국은 설날의 대표적인 음식인데, 이걸 먹어야 비로소 나이도 한 살 더 먹는다고 한다.","조항의 위치를 Ⅱ.1.(4)에서 4.(5)로 변경하고 표현을 수정함.[""Ⅱ.1.(4) 대등하거나 종속적인 절이 이어질 때에 절 사이에 쓴다."" → ""4.(5) 문장의 연결 관계를 분명히 하고자 할 때 절과 절 사이에 쓴다.""]",Y,N,2018-10-23 15:08:00,2019-01-21 16:46:00
39,738,5,한글 맞춤법,부록>4.>(6),2015-01-01 00:00:00,부,"구조 변경, 표현 수정","(11) 되풀이를 피하기 위하여 한 부분을 줄일 때에 쓴다.여름에는 바다에서, 겨울에는 산에서 휴가를 즐겼다.","(6) 같은 말이 되풀이되는 것을 피하기 위하여 일정한 부분을 줄여서 열거할 때 쓴다.여름에는 바다에서, 겨울에는 산에서 휴가를 즐겼다.","조항의 위치를 Ⅱ.1.(11)에서 4.(6)으로 변경하고 표현을 수정함.[""(11) 되풀이를 피하기 위하여 한 부분을 줄일 때에 쓴다."" → ""(6) 같은 말이 되풀이되는 것을 피하기 위하여 일정한 부분을 줄여서 열거할 때 쓴다.""]",Y,N,2018-10-23 15:09:00,2019-01-21 16:47:00
40,739,5,한글 맞춤법,부록>4.>(7),2015-01-01 00:00:00,부,"구조 변경, 표현 일부 수정, 용례 수정","(5) 부르는 말이나대답하는 말 뒤에 쓴다.얘야, 이리 오너라. 예, 지금 가겠읍니다.","(7) 부르거나대답하는 말 뒤에 쓴다.지은아, 이리 좀 와 봐. 네, 지금 가겠습니다.","조항의 위치를 Ⅱ.1.(5)에서 4.(7)로 변경하고 표현을 수정함.[""(5) 부르는 말이나 대답하는 말 뒤에 쓴다."" → ""(7) 부르거나 대답하는 말 뒤에 쓴다.""]",Y,N,2018-10-23 15:13:00,2019-01-21 16:49:00
41,740,5,한글 맞춤법,부록>4.>(8),2015-01-01 00:00:00,부,조항 신설,,"(8) 한 문장 안에서 앞말을 ‘곧’, ‘다시 말해’ 등과 같은 어구로 다시 설명할 때 앞말 다음에 쓴다.책의 서문, 곧 머리말에는 책을 지은 목적이 드러나 있다.원만한 인간관계는 말과 관련한 예의, 즉 언어 예절을 갖추는 것에서 시작된다.호준이 어머니, 다시 말해 나의 누님은 올해로 결혼한 지 20년이 된다.나에게도 작은 소망, 이를테면 나만의 정원을 가졌으면 하는 소망이 있어.","""(8) 한 문장 안에서 앞말을 ‘곧’, ‘다시 말해’ 등과 같은 어구로 다시 설명할 때 앞말 다음에 쓴다.""의 내용을 추가하여, 쉼표의 용법을 보다 구체적으로 기술함.",Y,N,2018-10-23 15:16:00,2019-01-18 09:16:00
42,741,5,한글 맞춤법,부록>4.>(9),2015-01-01 00:00:00,부,"구조 변경, 내용 보충, 용례 추가 및 수정","(6) 제시어 다음에 쓴다.빵, 빵이 인생의 전부이더냐?용기, 이것이야말로 무엇과도 바꿀 수 없는 젊은이의 자산이다.","(9) 문장 앞부분에서 조사 없이 쓰인 제시어나 주제어의 뒤에 쓴다.돈, 돈이 인생의 전부이더냐?열정, 이것이야말로 젊은이의 가장 소중한 자산이다.지금 네가 여기 있다는 것, 그것만으로도 나는 충분히 행복해.저 친구, 저러다가 큰일 한번 내겠어.그 사실, 넌 알고 있었지?","조항의 위치를 Ⅱ.1.(6)에서 4(9)로 변경하고 내용을 보완함. 쉼표가 쓰이는 제시어나 주제어의 조건을 구체적으로 명시함.[""(6) 제시어 다음에 쓴다."" → ""(9) 문장 앞부분에서 조사 없이 쓰인 제시어나 주제어의 뒤에 쓴다.""] 용례 변경: “빵, 빵이 인생의 전부이더냐?”, “용기, 이것이야말로 무엇과도 바꿀 수 없는 젊은이의 자산이다.” → “돈, 돈이 인생의 전부이더냐?”, “열정, 이것이야말로 젊은이의 가장 소중한 자산이다.”, “지금 네가 여기 있다는 것, 그것만으로도 나는 충분히 행복해.”, “저 친구, 저러다가 큰일 한번 내겠어.”, “그 사실, 넌 알고 있었지?”",Y,N,2018-10-23 15:18:00,2019-01-21 17:31:00
43,742,5,한글 맞춤법,부록>4.>(10),2015-01-01 00:00:00,부,조항 신설,,"(10) 한 문장에 같은 의미의 어구가 반복될 때 앞에 오는 어구 다음에 쓴다.그의 애국심, 몸을 사리지 않고 국가를 위해 헌신한 정신을 우리는 본받아야 한다.","한 문장에 같은 의미의 어구가 반복될 때, 앞에 오는 어구 다음에 쉼표를 쓰는 용법을 추가로 기술함.[""(10) 한 문장에 같은 의미의 어구가 반복될 때 앞에 오는 어구 다음에 쓴다.""]",Y,N,2018-10-23 15:20:00,2019-01-18 09:34:00
44,743,5,한글 맞춤법,부록>4.>(11),2015-01-01 00:00:00,부,"구조 변경, 표현 수정","(7) 도치된 문장에 쓴다.이리 오세요, 어머님. 다시 보자, 한강수야.","(11) 도치문에서 도치된 어구들 사이에 쓴다.이리 오세요, 어머님. 다시 보자, 한강수야.","조항의 위치를 Ⅱ.1.(7)에서 4.(11)로 변경함.[""(7) 도치된 문장에 쓴다."" → ""(11) 도치문에서 도치된 어구들 사이에 쓴다.""]",Y,N,2018-10-23 15:22:00,2019-01-21 16:01:00
45,744,5,한글 맞춤법,부록>4.>(12),2015-01-01 00:00:00,부,"구조 변경, 표현 수정, 용례 수정 및 삭제","(3) 바로 다음의 말을 꾸미지 않을 때에 쓴다.슬픈 사연을 간직한, 경주 불국사의 무영탑.성질 급한, 철수의 누이동생이 화를 내었다.(12) 문맥상 끊어 읽어야 할 곳에 쓴다.갑돌이가 울면서, 떠나는 갑순이를 배웅했다.갑돌이가, 울면서 떠나는 갑순이를 배웅했다.철수가, 내가 제일 좋아하는 친구이다.남을 괴롭히는 사람들은, 만약 그들이 다른 사람에게 괴롭힘을 당해 본다면, 남을 괴롭히는 일이 얼마나 나쁜 일인지 깨달을 것이다.","(12) 바로 다음 말과 직접적인 관계에 있지 않음을 나타낼 때 쓴다.갑돌이는, 울면서 떠나는 갑순이를 배웅했다.철원과, 대관령을 중심으로 한 강원도 산간 지대에 예년보다 일찍 첫눈이 내렸습니다.","기존 조항 Ⅱ.1.(3)과 (12)를 하나로 묶어서 기술함.[""(3) 바로 다음의 말을 꾸미지 않을 때에 쓴다."", ""(12) 문맥상 끊어 읽어야 할 곳에 쓴다."" → ""(12) 바로 다음 말과 직접적인 관계에 있지 않음을 나타낼 때 쓴다.""]",Y,N,2018-10-23 15:37:00,2019-01-21 16:00:00
46,745,5,한글 맞춤법,부록>4.>(13),2015-01-01 00:00:00,부,"구조 변경, 표현 일부 수정, [붙임 1, 2] 추가, 용례 수정","(10)문장 중간에 끼어든구절앞뒤에 쓴다. 나는, 솔직히 말하면, 그 말이 별로탐탁하지 않소.철수는 미소를 띠고, 속으로는 화가 치밀었지만, 그들을 맞았다.","(13)문장 중간에 끼어든어구의앞뒤에 쓴다. 나는, 솔직히 말하면, 그 말이 별로탐탁지 않아.영호는 미소를 띠고, 속으로는 화가 치밀어 올라 잠시라도 견딜 수 없을 만큼 괴로웠지만, 그들을 맞았다.[붙임 1] 이때는 쉼표 대신 줄표를 쓸 수 있다.나는 ― 솔직히 말하면 ― 그 말이 별로 탐탁지 않아.영호는 미소를 띠고 ― 속으로는 화가 치밀어 올라 잠시라도 견딜 수 없을 만큼 괴로웠지만 ― 그들을 맞았다.[붙임 2] 끼어든 어구 안에 다른 쉼표가 들어 있을 때는 쉼표 대신 줄표를 쓴다.이건 내 것이니까 ― 아니, 내가 처음 발견한 것이니까 ― 절대로 양보할 수 없다.","조항의 위치를 Ⅱ.1.(10)에서 4.(13)으로 변경함.[""(10) 문장 중간에 끼어든 구절 앞뒤에 쓴다."" → ""(13) 문장 중간에 끼어든 어구의 앞뒤에 쓴다.""] [붙임 1, 2]를 추가하여 쉼표 대신 줄표를 쓰는 경우를 설명함.",Y,N,2018-10-23 15:38:00,2019-01-21 16:02:00
47,746,5,한글 맞춤법,부록>4.>(14),2015-01-01 00:00:00,부,조항 신설,,"(14) 특별한 효과를 위해 끊어 읽는 곳을 나타낼 때 쓴다.내가, 정말 그 일을 오늘 안에 해낼 수 있을까?이 전투는 바로 우리가, 우리만이, 승리로 이끌 수 있다.","문장 구조와 관계없이 글쓴이가 특별히 끊어 읽고자 할 때 쉼표를 쓰는 경우를 추가로 기술함.[""(14) 특별한 효과를 위해 끊어 읽는 곳을 나타낼 때 쓴다.""]",Y,N,2018-10-23 15:40:00,2019-01-18 09:46:00
48,747,5,한글 맞춤법,부록>4.>(15),2015-01-01 00:00:00,부,조항 신설,,"(15) 짧게 더듬는 말을 표시할 때 쓴다.선생님, 부, 부정행위라니요? 그런 건 새, 생각조차 하지 않았습니다.",짧게 더듬는 말을 표시할 때 쉼표를 쓰는 경우를 추가로 기술함.,Y,N,2018-10-23 15:42:00,2019-01-18 09:50:00
49,750,5,한글 맞춤법,부록>5.>(1),2015-01-01 00:00:00,부,"표현 수정, 용례 수정 및 삭제","(1)쉼표로 열거된 어구가 다시 여러 단위로 나누어질 때에 쓴다.철수·영이, 영수·순이가 서로 짝이 되어 윷놀이를 하였다.공주·논산, 천안·아산·천원 등 각 지역구에서 2 명씩 국회 의원을 뽑는다.시장에 가서 사과·배·복숭아, 고추·마늘·파, 조기·명태·고등어를 샀다.","(1)열거할 어구들을 일정한 기준으로 묶어서 나타낼 때 쓴다.민수ㆍ영희, 선미ㆍ준호가 서로 짝이 되어 윷놀이를 하였다.지금의 경상남도ㆍ경상북도, 전라남도ㆍ전라북도, 충청남도ㆍ충청북도 지역을 예부터 삼남이라 일러 왔다.","가운뎃점의 기본적인 용법을 기술하는 표현을 수정함.[""쉼표로 열거된 어구가 다시 여러 단위로 나누어질 때에 쓴다."" → ""열거할 어구들을 일정한 기준으로 묶어서 나타낼 때 쓴다.""]",Y,N,2018-10-23 15:44:00,2019-01-18 09:53:00
50,751,5,한글 맞춤법,부록>5.>(2),2015-01-01 00:00:00,부,"구조 변경, 표현 수정, [다만] 추가, 용례 추가 및 수정",(3) 같은 계열의 단어 사이에 쓴다.경북 방언의 조사·연구충북·충남 두 도를 합하여 충청도라고 한다.동사·형용사를 합하여 용언이라고 한다.,"(2) 짝을 이루는 어구들 사이에 쓴다.한(韓)ㆍ이(伊) 양국 간의 무역량이 늘고 있다.우리는 그 일의 참ㆍ거짓을 따질 겨를도 없었다.하천 수질의 조사ㆍ분석빨강ㆍ초록ㆍ파랑이 빛의 삼원색이다.다만, 이때는 가운뎃점을 쓰지 않거나 쉼표를 쓸 수도 있다.한(韓) 이(伊) 양국 간의 무역량이 늘고 있다.우리는 그 일의 참 거짓을 따질 겨를도 없었다.하천 수질의 조사, 분석빨강, 초록, 파랑이 빛의 삼원색이다.","조항의 위치를 Ⅱ.2.(3)에서 5.(2)로 변경함.[""Ⅱ.2.(3) 같은 계열의 단어 사이에 쓴다."" → ""5.(2) 짝을 이루는 어구들 사이에 쓴다.""] [다만]을 추가하여, 가운뎃점을 쓰지 않거나 쉼표를 쓸 수 있도록 함. 용례 추가 및 수정: “경북 방언의 조사·연구”, “충북·충남 두 도를 합하여 충청도라고 한다.”, “동사·형용사를 합하여 용언이라고 한다.”→ “한(韓)ㆍ이(伊) 양국 간의 무역량이 늘고 있다.”, “우리는 그 일의 참ㆍ거짓을 따질 겨를도 없었다.”, “하천 수질의 조사ㆍ분석”, “빨강ㆍ초록ㆍ파랑이 빛의 삼원색이다.”",Y,N,2018-10-23 15:45:00,2019-01-21 17:36:00
51,752,5,한글 맞춤법,부록>5.>(3),2015-01-01 00:00:00,부,조항 신설,,"(3) 공통 성분을 줄여서 하나의 어구로 묶을 때 쓴다.상ㆍ중ㆍ하위권금ㆍ은ㆍ동메달통권 제54ㆍ55ㆍ56호[붙임] 이때는 가운뎃점 대신 쉼표를 쓸 수 있다.상, 중, 하위권금, 은, 동메달통권 제54, 55, 56호","공통 성분을 줄여서 하나의 어구로 묶는 가운뎃점 특유의 용법을 추가로 기술함.[""(3) 공통 성분을 줄여서 하나의 어구로 묶을 때 쓴다.""]",Y,N,2018-10-23 15:48:00,2019-01-18 09:58:00
52,754,5,한글 맞춤법,부록>6.>(1),2015-01-01 00:00:00,부,"구조 변경, 표현 수정, 용례 추가 및 수정","(1) 내포되는 종류를 들 적에 쓴다.문장 부호: 마침표, 쉼표, 따옴표, 묶음표 등.문방사우: 붓, 먹, 벼루, 종이.(2) 소표제 뒤에 간단한 설명이 붙을 때에 쓴다.일시: 1984 년 10 월 15 일 10 시.마침표: 문장이 끝남을 나타낸다.(3) 저자명 다음에 저서명을 적을 때에 쓴다.정약용: 목민심서, 경세유표주시경: 국어 문법, 서울 박문서관, 1910.","(1) 표제 다음에 해당 항목을 들거나 설명을 붙일 때 쓴다.문방사우: 종이, 붓, 먹, 벼루일시: 2014년 10월 9일 10시흔하진 않지만 두 자로 된 성씨도 있다.(예: 남궁, 선우, 황보)올림표(♯): 음의 높이를 반음 올릴 것을 지시한다.","기존 조항 Ⅱ.3.(1), (2), (3)을 하나로 묶어서 쌍점의 기본적인 용법을 기술함.[""(1) 내포되는 종류를 들 적에 쓴다."", ""(2) 소표제 뒤에 간단한 설명이 붙을 때에 쓴다."", ""(3) 저자명 다음에 저서명을 적을 때에 쓴다."" → ""(1) 표제 다음에 해당 항목을 들거나 설명을 붙일 때 쓴다.""]",Y,N,2018-10-23 15:52:00,2019-01-21 17:39:00
53,755,5,한글 맞춤법,부록>6.>(2),2015-01-01 00:00:00,부,조항 신설,,"(2) 희곡 등에서 대화 내용을 제시할 때 말하는 이와 말한 내용 사이에 쓴다.김 과장: 난 못 참겠다.아들: 아버지, 제발 제 말씀 좀 들어 보세요.","희곡 등에서 대화 내용을 제시할 때 쌍점을 쓰는 경우를 추가로 기술함.[""(2) 희곡 등에서 대화 내용을 제시할 때 말하는 이와 말한 내용 사이에 쓴다.""]",Y,N,2018-10-23 15:56:00,2019-01-18 10:04:00
54,756,5,한글 맞춤법,부록>6.>(3),2015-01-01 00:00:00,부,"구조 변경, 용례 수정","(4) 시(時)와 분(分), 장(章)과 절(節) 따위를 구별할 때나, 둘 이상을 대비할 때에 쓴다.오전 10:20 (오전 10시 20분)요한 3:16 (요한복음 3 장 16 절)대비 65:60 (65 대 60)","(3) 시와 분, 장과 절 등을 구별할 때 쓴다.오전 10:20(오전 10시 20분)두시언해 6:15(두시언해 제6권 제15장)","이질적인 두 용법을 함께 다루던 기존의 조항 Ⅱ.3.(4)를 별도의 두 조항으로 분리하여 기술함. [""Ⅱ.3.(4) 시(時)와 분(分), 장(章)과 절(節) 따위를 구별할 때나, 둘 이상을 대비할 때에 쓴다."" → ""(3)시(時)와 분(分), 장(章)과 절(節) 따위를 구별할 때 쓴다."", ""(4)의존 명사 ‘대(對)’가 쓰일 자리에 쓴다.""]",Y,N,2018-10-23 15:58:00,2019-02-18 16:10:00
55,434,1,외래어 표기법,본문>제2장>표 1,2017-03-28 00:00:00,부,띄어쓰기 수정: '프랑스 어' → '프랑스어',"** 독일어의 경우에는 ‘에’,프랑스 어의 경우에는 ‘으’로 적는다.","** 독일어의 경우에는 ‘에’,프랑스어의 경우에는 ‘으’로 적는다.","해', '섬', '강', '산' 등의 띄어쓰기에 관한 종전의 규정 때문에 접미사 '-어(語)' 또한 외래어 뒤에서는 띄어 쓰는 것을 원칙으로 하고 있었음. 접미사를 띄어 쓰는 예외를 인정할 수 없고 국어의 띄어쓰기는 한글 맞춤법의 규정을 따르는 것이 타당하므로 관련 규정(제4장 제3절 제1항)을 삭제하였으며, 접미사 ‘-어(語), -인(人), -족(族), -해(海)’ 및 명사 ‘섬, 강, 산, 산맥, 고원, 평야…’ 등을 외래어 뒤에서도 붙여 쓴다는 취지로을 수정함. 외래어 표기법의 규정문에 쓰인 '-어(語)'로 끝나는 말들의 띄어쓰기도 함께 수정함.",Y,N,2018-10-23 16:01:00,2019-01-09 09:50:00
56,757,5,한글 맞춤법,부록>6.>(4),2015-01-01 00:00:00,부,"구조 변경, 표현 수정, 용례 추가 및 수정","(4) 시(時)와 분(分), 장(章)과 절(節) 따위를 구별할 때나, 둘 이상을 대비할 때에 쓴다.오전 10:20 (오전 10시 20분)요한 3:16 (요한복음 3 장 16 절)대비 65:60 (65 대 60)",(4) 의존 명사 ‘대’가 쓰일 자리에 쓴다.65:60(65 대 60)청군:백군(청군 대 백군),"이질적인 두 용법을 함께 다루던 기존의 조항 Ⅱ.3.(4)를 별도의 두 조항으로 분리하여 기술함. [""Ⅱ.3.(4) 시(時)와 분(分), 장(章)과 절(節) 따위를 구별할 때나, 둘 이상을 대비할 때에 쓴다."" → ""(3)시(時)와 분(分), 장(章)과 절(節) 따위를 구별할 때 쓴다."", ""(4)의존 명사 ‘대(對)’가 쓰일 자리에 쓴다.""]",Y,N,2018-10-23 16:19:00,2019-03-05 17:33:00
57,435,1,외래어 표기법,본문>제2장>표 2,2017-03-28 00:00:00,부,띄어쓰기 수정: '에스파냐 어' → '에스파냐어',에스파냐 어자모와 한글 대조표,에스파냐어자모와 한글 대조표,"해', '섬', '강', '산' 등의 띄어쓰기에 관한 종전의 규정 때문에 접미사 '-어(語)' 또한 외래어 뒤에서는 띄어 쓰는 것을 원칙으로 하고 있었음. 접미사를 띄어 쓰는 예외를 인정할 수 없고 국어의 띄어쓰기는 한글 맞춤법의 규정을 따르는 것이 타당하므로 관련 규정(제4장 제3절 제1항)을 삭제하였으며, 접미사 ‘-어(語), -인(人), -족(族), -해(海)’ 및 명사 ‘섬, 강, 산, 산맥, 고원, 평야…’ 등을 외래어 뒤에서도 붙여 쓴다는 취지로을 수정함. 외래어 표기법의 규정문에 쓰인 '-어(語)'로 끝나는 말들의 띄어쓰기도 함께 수정함.",Y,N,2018-10-23 16:20:00,2019-01-09 15:10:00
58,760,5,한글 맞춤법,부록>7.>(1),2015-01-01 00:00:00,부,"표현 수정, 용례 수정","(1)대응, 대립되거나 대등한 것을 함께 보이는 단어와 구, 절 사이에 쓴다.남궁만/남궁 만 백이십오 원/125 원착한 사람/악한 사람 맞닥뜨리다/맞닥트리다",(1)대비되는 두 개 이상의 어구를 묶어 나타낼 때 그 사이에 쓴다.먹이다/먹히다 남반구/북반구금메달/은메달/동메달 ( )이/가 우리나라의 보물 제1호이다.,"빗금의 기본적인 용법을 기술하는 표현을 수정함.[""대응, 대립되거나 대등한 것을 함께 보이는 단어와 구, 절 사이에 쓴다."" → ""대비되는 두 개 이상의 어구를 묶어 나타낼 때 그 사이에 쓴다.""]",Y,N,2018-10-23 16:21:00,2019-01-18 10:23:00
59,761,5,한글 맞춤법,부록>7.>(2),2015-01-01 00:00:00,부,조항 신설,,"(2) 기준 단위당 수량을 표시할 때 해당 수량과 기준 단위 사이에 쓴다.100미터/초 1,000원/개","기준 단위당 수량을 표시할 때 해당 수량과 기준 단위 사이에 빗금을 쓰는 경우를 추가로 기술함.[""(2) 기준 단위당 수량을 표시할 때 해당 수량과 기준 단위 사이에 쓴다.""]",Y,N,2018-10-23 16:23:00,2019-01-18 10:25:00
60,436,1,외래어 표기법,본문>제2장>표 3,2017-03-28 00:00:00,부,띄어쓰기 수정: '이탈리아 어'→ '이탈리아어',이탈리아 어자모와 한글 대조표,이탈리아어자모와 한글 대조표,"해', '섬', '강', '산' 등의 띄어쓰기에 관한 종전의 규정 때문에 접미사 '-어(語)' 또한 외래어 뒤에서는 띄어 쓰는 것을 원칙으로 하고 있었음. 접미사를 띄어 쓰는 예외를 인정할 수 없고 국어의 띄어쓰기는 한글 맞춤법의 규정을 따르는 것이 타당하므로 관련 규정(제4장 제3절 제1항)을 삭제하였으며, 접미사 ‘-어(語), -인(人), -족(族), -해(海)’ 및 명사 ‘섬, 강, 산, 산맥, 고원, 평야…’ 등을 외래어 뒤에서도 붙여 쓴다는 취지로을 수정함. 외래어 표기법의 규정문에 쓰인 '-어(語)'로 끝나는 말들의 띄어쓰기도 함께 수정함.",Y,N,2018-10-23 16:24:00,2019-01-09 15:10:00
61,762,5,한글 맞춤법,부록>7.>(3),2015-01-01 00:00:00,부,조항 신설,,"(3) 시의 행이 바뀌는 부분임을 나타낼 때 쓴다.산에 / 산에 / 피는 꽃은 / 저만치 혼자서 피어 있네다만, 연이 바뀜을 나타낼 때는 두 번 겹쳐 쓴다.산에는 꽃 피네 / 꽃이 피네 / 갈 봄 여름 없이 / 꽃이 피네 // 산에 / 산에 / 피는 꽃은 / 저만치 혼자서 피어 있네","시의 행이나 연이 바뀌는 부분임을 나타내기 위해 빗금을 쓰는 경우를 추가로 기술함.[""(3) 시의 행이 바뀌는 부분임을 나타낼 때 쓴다.""]",Y,N,2018-10-23 16:24:00,2019-01-18 10:28:00
62,765,5,한글 맞춤법,부록>8.>(1),2015-01-01 00:00:00,부,"표현 일부 수정, 용례 수정",(1) 글 가운데서 직접 대화를 표시할때에쓴다.“전기가 없었을 때는 어떻게 책을 보았을까?”“그야 등잔불을 켜고 보았겠지.”,"(1) 글 가운데에서 직접 대화를 표시할때쓴다.“어머니, 제가 가겠어요.”“아니다. 내가 다녀오마.”","큰따옴표의 기본적인 용법을 설명하는 문장에서 표현 일부를 수정함.(""글 가운데서 직접 대화를 표시할 때에 쓴다."" → ""글 가운데서 직접 대화를 표시할 때 쓴다."") 용례 수정: “전기가 없었을 때는 어떻게 책을 보았을까?”, “그야 등잔불을 켜고 보았겠지.” → “어머니, 제가 가겠어요.”, “아니다. 내가 다녀오마.”",Y,N,2018-10-23 16:26:00,2019-01-21 17:50:00
63,766,5,한글 맞춤법,부록>8.>(2),2015-01-01 00:00:00,부,"표현 수정, 용례 추가 및 수정",(2)남의 말을 인용할 경우에 쓴다.예로부터 “민심은 천심이다.”라고 하였다.“사람은 사회적 동물이다.”라고 말한 학자가 있다.,"(2)말이나 글을 직접 인용할 때 쓴다.나는 “어, 광훈이 아니냐?” 하는 소리에 깜짝 놀랐다.밤하늘에 반짝이는 별들을 보면서 “나는 아무 걱정도 없이 가을 속의 별들을 다 헬 듯합니다.”라는 시구를 떠올렸다.편지의 끝머리에는 이렇게 적혀 있었다.“할머니, 편지에 사진을 동봉했다고 하셨지만 봉투 안에는 아무것도 없었어요.”","인용 기능을 하는 큰따옴표의 용법을 보다 구체적으로 기술하고 용례를 수정함.(""남의 말을 인용할 경우에 쓴다."" → ""말이나 글을 직접 인용할 때 쓴다."")",Y,N,2018-10-23 16:28:00,2019-01-21 17:53:00
64,768,5,한글 맞춤법,부록>9.>(1),2015-01-01 00:00:00,부,"표현 수정, 용례 수정",(1)따온 말 가운데 다시 따온 말이 들어 있을 때에 쓴다.“여러분! 침착해야 합니다. ‘하늘이 무너져도 솟아날 구멍이 있다.’고 합니다.”,(1)인용한 말 안에 있는 인용한 말을 나타낼 때 쓴다.그는 “여러분! ‘시작이 반이다.’라는 말 들어 보셨죠?”라고 말하며 강연을 시작했다.,"작은따옴표의 기본적인 용법을 설명하는 문장 표현을 수정하고 용례를 교체함.(""따온 말 가운데 다시 따온 말이 들어 있을 때에 쓴다."" → ""인용한 말 안에 있는 인용한 말을 나타낼 때 쓴다."")",Y,N,2018-10-23 16:32:00,2019-01-21 17:54:00
65,769,5,한글 맞춤법,부록>9.>(2),2015-01-01 00:00:00,부,"표현 일부 수정, 용례 추가 및 수정",(2)마음 속으로한 말을 적을때에쓴다.‘만약 내가 이런 모습으로 돌아간다면 모두들 깜짝 놀라겠지.’,(2)마음속으로한 말을 적을때쓴다.나는 ‘일이 다 틀렸나 보군.’ 하고 생각하였다.‘이번에는 꼭 이기고야 말겠어.’ 호연이는 마음속으로 몇 번이나 그렇게 다짐하며 주먹을 불끈 쥐었다.,"규정 문장의 표현 및 띄어쓰기를 수정하고 용례를 추가함.(""마음 속으로 한 말을 적을 때에 쓴다."" → ""마음속으로 한 말을 적을 때 쓴다."")",Y,N,2018-10-23 16:39:00,2019-01-21 17:58:00
66,771,5,한글 맞춤법,부록>10.>(1),2015-01-01 00:00:00,부,"표현 수정, 용례 수정 및 삭제","(1)원어, 연대, 주석, 설명 등을 넣을 적에 쓴다.커피(coffee)는 기호 식품이다.3·1 운동(1919) 당시 나는 중학생이었다.‘무정(無情)’은 춘원(6·25 때 납북)의 작품이다.니체(독일의 철학자)는 이렇게 말했다.","(1)주석이나 보충적인 내용을 덧붙일 때 쓴다.니체(독일의 철학자)의 말을 빌리면 다음과 같다.2014. 12. 19.(금)문인화의 대표적인 소재인 사군자(매화, 난초, 국화, 대나무)는 고결한 선비 정신을 상징한다.","소괄호의 기본적인 용법을 설명하는 문장 표현을 수정함.(""원어, 연대, 주석, 설명 등을 넣을 적에 쓴다."" → ""주석이나 보충적인 내용을 덧붙일 때 쓴다."")",Y,N,2018-10-23 16:41:00,2019-01-18 10:47:00
67,772,5,한글 맞춤법,부록>10.>(2),2015-01-01 00:00:00,부,조항 신설,,"(2) 우리말 표기와 원어 표기를 아울러 보일 때 쓴다.기호(嗜好), 자세(姿勢)커피(coffee), 에티켓(étiquette)","우리말 표기와 원어 표기를 아울러 보일 때 소괄호를 쓰는 경우를 추가로 기술함.[""(2) 우리말 표기와 원어 표기를 아울러 보일 때 쓴다.""]",Y,N,2018-10-23 16:43:00,2019-01-18 10:50:00
68,438,1,외래어 표기법,본문>제2장>표 5,2017-03-28 00:00:00,부,"제목 수정, 중국어 음 표기의 제시 순서 조정, 웨이드 식 로마자 삭제, 표기 수정: 'you(ou, iu)'→ 'you(iou, iu)'","중국어의주음 부호(注音 符號)와 한글 대조표주음 부호한어 병음 자모웨이드 식 로마자한글ㄅbpㅂ 표기: you(ou, iu)","중국어의발음 부호와 한글 대조표한어 병음 자모주음 부호한글bㄅㅂ 표기: you(iou, iu)","중국어 표기법에서 '한글 대조표'의 제목으로 사용되었던 '주음 부호'는 현재 거의 사용되지 않으며 '한어 병음 자모'까지 포괄하지 못하여 제목으로 부적절하다는 지적이 있었음. '표 5'의 제목을 '중국어의 주음 부호(注音 符號)와 한글 대조표'에서 '중국어의 발음 부호와 한글 대조표'로 수정함. 널리 사용되는 '한어 병음 자모'를 '주음 부호'보다 우선 제시하는 것이 관련 내용 열람 시 효율적일 것이므로, 제시 순서를 조정하는 방안을 검토함. 이에 따라 중국어 음 표기의 제시 순서를 '주음 부호 - 한어 병음 자모' 순에서 '한어 병음 자모 - 주음 부호’ 순으로 변경함. '한어 병음 자모'와 기능이 중복되며 활용도가 적은 '웨이드 식 로마자' 부분을 삭제함. 중국어의 한어 병음 자모인 'you'는 자음 뒤에서 'iou'로 변함. 괄호 안의 오기 'ou'를 'iou'로 수정함.",Y,N,2018-10-23 16:44:00,2019-01-22 10:13:00
69,773,5,한글 맞춤법,부록>10.>(3),2015-01-01 00:00:00,부,조항 신설,,(3) 생략할 수 있는 요소임을 나타낼 때 쓴다.학교에서 동료 교사를 부를 때는 이름 뒤에 ‘선생(님)’이라는 말을 덧붙인다.광개토(대)왕은 고구려의 전성기를 이끌었던 임금이다.,"생략할 수 있는 요소임을 나타낼 때 소괄호를 쓰는 경우를 추가로 기술함.[""(3) 생략할 수 있는 요소임을 나타낼 때 쓴다.]",Y,N,2018-10-23 16:45:00,2019-01-18 10:53:00
70,774,5,한글 맞춤법,부록>10.>(4),2015-01-01 00:00:00,부,조항 신설,,"(4) 희곡 등 대화를 적은 글에서 동작이나 분위기, 상태를 드러낼 때 쓴다.현우: (가쁜 숨을 내쉬며) 왜 이렇게 빨리 뛰어?“관찰한 것을 쓰는 것이 습관이 되었죠. 그러다 보니, 상상력이 생겼나 봐요.” (웃음)","희곡 등 대화를 적은 글에서 동작이나 분위기, 상태를 드러낼 때소괄호를 쓰는 경우를 추가로 기술함.[""(4) 희곡 등 대화를 적은 글에서 동작이나 분위기, 상태를 드러낼 때 쓴다.""]",Y,N,2018-10-23 16:48:00,2019-01-18 10:56:00
71,439,1,외래어 표기법,본문>제2장>표 6,2017-03-28 00:00:00,부,띄어쓰기 수정: '폴란드 어'→ '폴란드어',폴란드 어자모와 한글 대조표,폴란드어자모와 한글 대조표,"해', '섬', '강', '산' 등의 띄어쓰기에 관한 종전의 규정 때문에 접미사 '-어(語)' 또한 외래어 뒤에서는 띄어 쓰는 것을 원칙으로 하고 있었음. 접미사를 띄어 쓰는 예외를 인정할 수 없고 국어의 띄어쓰기는 한글 맞춤법의 규정을 따르는 것이 타당하므로 관련 규정(제4장 제3절 제1항)을 삭제하였으며, 접미사 ‘-어(語), -인(人), -족(族), -해(海)’ 및 명사 ‘섬, 강, 산, 산맥, 고원, 평야…’ 등을 외래어 뒤에서도 붙여 쓴다는 취지로을 수정함. 외래어 표기법의 규정문에 쓰인 '-어(語)'로 끝나는 말들의 띄어쓰기도 함께 수정함.",Y,N,2018-10-23 16:50:00,2019-01-09 15:50:00
72,775,5,한글 맞춤법,부록>10.>(5),2015-01-01 00:00:00,부,"구조 변경, 표현 수정, 용례 추가 및 수정",(3) 빈 자리임을 나타낼 적에 쓴다.우리 나라의 수도는 ( )이다.,(5) 내용이 들어갈 자리임을 나타낼 때 쓴다.우리나라의 수도는 ( )이다.다음 빈칸에 알맞은 조사를 쓰시오.민수가 할아버지( ) 꽃을 드렸다.,"조항의 위치를 10.(3)에서 10.(5)로 변경함.[""(3) 빈 자리임을 나타낼 적에 쓴다."" → ""(5) 내용이 들어갈 자리임을 나타낼 때 쓴다.""",Y,N,2018-10-23 16:50:00,2019-01-18 10:58:00
73,776,5,한글 맞춤법,부록>10.>(6),2015-01-01 00:00:00,부,"구조 변경, 표현 수정, 용례 추가 및 수정","(2) 특히 기호 또는 기호적인 구실을 하는 문자, 단어, 구에 쓴다.(1) 주어 (ㄱ) 명사 (라) 소리에 관한 것","(6) 항목의 순서나 종류를 나타내는 숫자나 문자 등에 쓴다.사람의 인격은 (1) 용모, (2) 언어, (3) 행동, (4) 덕성 등으로 표현된다.(가) 동해, (나) 서해, (다) 남해","조항의 위치를 10.(2)에서 10.(6)으로 변경함.[""(2) 특히 기호 또는 기호적인 구실을 하는 문자, 단어, 구에 쓴다."" → ""(6) 항목의 순서나 종류를 나타내는 숫자나 문자 등에 쓴다.""]",Y,N,2018-10-23 16:52:00,2019-01-18 11:01:00
74,778,5,한글 맞춤법,부록>11.>(1),2015-01-01 00:00:00,부,"표현 수정, 용례 수정",주격조사이가국가의3 요소국토국민주권,주격조사이가국가의성립 요소영토국민주권,"중괄호의 기본적인 용법을 설명하는 문장 표현을 수정함.[""여러 단위를 동등하게 묶어서 보일 때에 쓴다."" → ""같은 범주에 속하는 여러 요소를 세로로 묶어서 보일 때 쓴다.""]",Y,N,2018-10-23 16:53:00,2019-01-18 11:04:00
75,440,1,외래어 표기법,본문>제2장>표 7,2017-03-28 00:00:00,부,띄어쓰기 수정: '체코 어'→ '체코어',체코 어자모와 한글 대조표,체코어자모와 한글 대조표,"해', '섬', '강', '산' 등의 띄어쓰기에 관한 종전의 규정 때문에 접미사 '-어(語)' 또한 외래어 뒤에서는 띄어 쓰는 것을 원칙으로 하고 있었음. 접미사를 띄어 쓰는 예외를 인정할 수 없고 국어의 띄어쓰기는 한글 맞춤법의 규정을 따르는 것이 타당하므로 관련 규정(제4장 제3절 제1항)을 삭제하였으며, 접미사 ‘-어(語), -인(人), -족(族), -해(海)’ 및 명사 ‘섬, 강, 산, 산맥, 고원, 평야…’ 등을 외래어 뒤에서도 붙여 쓴다는 취지로을 수정함. 외래어 표기법의 규정문에 쓰인 '-어(語)'로 끝나는 말들의 띄어쓰기도 함께 수정함.",Y,N,2018-10-23 16:54:00,2019-01-09 17:28:00
76,779,5,한글 맞춤법,부록>11.>(2),2015-01-01 00:00:00,부,조항 신설,,"(2) 열거된 항목 중 어느 하나가 자유롭게 선택될 수 있음을 보일 때 쓴다.아이들이 모두 학교{에, 로, 까지} 갔어요.","열거된 항목 중 어느 하나가 자유롭게 선택될 수 있음을 보일 때 중괄호를 쓰는 경우를 추가로 기술함.[아이들이 모두 학교{에, 로, 까지} 갔어요.]",Y,N,2018-10-23 16:56:00,2019-01-18 11:08:00
77,441,1,외래어 표기법,본문>제2장>표 8,2017-03-28 00:00:00,부,띄어쓰기 수정: '세르보크로아트 어'→ '세르보크로아트어',세르보크로아트 어자모와 한글 대조표,세르보크로아트어자모와 한글 대조표,"해', '섬', '강', '산' 등의 띄어쓰기에 관한 종전의 규정 때문에 접미사 '-어(語)' 또한 외래어 뒤에서는 띄어 쓰는 것을 원칙으로 하고 있었음. 접미사를 띄어 쓰는 예외를 인정할 수 없고 국어의 띄어쓰기는 한글 맞춤법의 규정을 따르는 것이 타당하므로 관련 규정(제4장 제3절 제1항)을 삭제하였으며, 접미사 ‘-어(語), -인(人), -족(族), -해(海)’ 및 명사 ‘섬, 강, 산, 산맥, 고원, 평야…’ 등을 외래어 뒤에서도 붙여 쓴다는 취지로을 수정함. 외래어 표기법의 규정문에 쓰인 '-어(語)'로 끝나는 말들의 띄어쓰기도 함께 수정함.",Y,N,2018-10-23 16:57:00,2019-01-09 17:34:00
78,782,5,한글 맞춤법,부록>12.>(1),2015-01-01 00:00:00,부,"구조 변경, 표현 수정, 용례 추가 및 수정",(2) 묶음표 안에 또 묶음표가 있을 때에 쓴다.명령에 있어서의 불확실[단호(斷乎)하지 못함]은 복종에 있어서의 불확실[모호(模糊)함]을 낳는다.,"(1) 괄호 안에 또 괄호를 쓸 필요가 있을 때 바깥쪽의 괄호로 쓴다.어린이날이 새로 제정되었을 당시에는 어린이들에게 경어를 쓰라고 하였다.[윤석중 전집(1988), 70쪽 참조]이번 회의에는 두 명[이혜정(실장), 박철용(과장)]만 빼고 모두 참석했습니다.","조항의 위치를 12.(2)에서 12.(1)로 변경함.[""(2) 묶음표 안에 또 묶음표가 있을 때에 쓴다."" → ""(1) 괄호 안에 또 괄호를 쓸 필요가 있을 때 바깥쪽의 괄호로 쓴다.""]",Y,N,2018-10-23 16:58:00,2019-01-18 11:11:00
79,442,1,외래어 표기법,본문>제2장>표 9,2017-03-28 00:00:00,부,띄어쓰기 수정: '루마니아 어'→ '루마니아어',루마니아 어자모와 한글 대조표,루마니아어자모와 한글 대조표,"해', '섬', '강', '산' 등의 띄어쓰기에 관한 종전의 규정 때문에 접미사 '-어(語)' 또한 외래어 뒤에서는 띄어 쓰는 것을 원칙으로 하고 있었음. 접미사를 띄어 쓰는 예외를 인정할 수 없고 국어의 띄어쓰기는 한글 맞춤법의 규정을 따르는 것이 타당하므로 관련 규정(제4장 제3절 제1항)을 삭제하였으며, 접미사 ‘-어(語), -인(人), -족(族), -해(海)’ 및 명사 ‘섬, 강, 산, 산맥, 고원, 평야…’ 등을 외래어 뒤에서도 붙여 쓴다는 취지로을 수정함. 외래어 표기법의 규정문에 쓰인 '-어(語)'로 끝나는 말들의 띄어쓰기도 함께 수정함.",Y,N,2018-10-23 16:59:00,2019-01-09 17:34:00
80,783,5,한글 맞춤법,부록>12.>(2),2015-01-01 00:00:00,부,"구조 변경, 표현 수정",(1) 묶음표 안의 말이 바깥 말과 음이 다를 때에 쓴다.나이[年歲] 낱말[單語] 手足[손발],(2) 고유어에 대응하는 한자어를 함께 보일 때 쓴다.나이[年歲] 낱말[單語] 手足[손발],"조항의 위치를 12.(1)에서 12.(2)로 변경함.""(1) 묶음표 안의 말이 바깥 말과 음이 다를 때에 쓴다."" → ""(2) 고유어에 대응하는 한자어를 함께 보일 때 쓴다.""",Y,N,2018-10-23 16:59:00,2019-01-18 11:14:00
81,445,1,외래어 표기법,본문>제2장>표 10,2017-03-28 00:00:00,부,띄어쓰기 수정: '헝가리 어'→ '헝가리어',헝가리 어자모와 한글 대조표,헝가리어자모와 한글 대조표,"해', '섬', '강', '산' 등의 띄어쓰기에 관한 종전의 규정 때문에 접미사 '-어(語)' 또한 외래어 뒤에서는 띄어 쓰는 것을 원칙으로 하고 있었음. 접미사를 띄어 쓰는 예외를 인정할 수 없고 국어의 띄어쓰기는 한글 맞춤법의 규정을 따르는 것이 타당하므로 관련 규정(제4장 제3절 제1항)을 삭제하였으며, 접미사 ‘-어(語), -인(人), -족(族), -해(海)’ 및 명사 ‘섬, 강, 산, 산맥, 고원, 평야…’ 등을 외래어 뒤에서도 붙여 쓴다는 취지로을 수정함. 외래어 표기법의 규정문에 쓰인 '-어(語)'로 끝나는 말들의 띄어쓰기도 함께 수정함.",Y,N,2018-10-23 17:02:00,2019-01-10 14:26:00
82,784,5,한글 맞춤법,부록>12.>(3),2015-01-01 00:00:00,부,조항 신설,,"(3) 원문에 대한 이해를 돕기 위해 설명이나 논평 등을 덧붙일 때 쓴다.그것[한글]은 이처럼 정보화 시대에 알맞은 과학적인 문자이다.신경준의 ≪여암전서≫에 “삼각산은 산이 모두 돌 봉우리인데,그 으뜸 봉우리를 구름 위에 솟아 있다고 백운(白雲)이라 하며 [이하 생략]”그런 일은 결코 있을 수 없다.[원문에는 ‘업다’임.]",원문에 대한 이해를 돕기 위해 설명이나 논평 등을 덧붙일 때 대괄호를 쓰는 경우를 추가로 기술함.,Y,N,2018-10-23 17:04:00,2019-01-18 11:24:00
83,786,5,한글 맞춤법,부록>13.>,2015-01-01 00:00:00,부,"부호 추가, 내용 수정 및 보충",,책의 제목이나 신문 이름 등을 나타낼 때 쓴다.우리나라 최초의 민간 신문은 1896년에 창간된 『독립신문』이다.『훈민정음 』은 1997년에 유네스코 세계 기록 유산으로 지정되었다.≪한성순보≫는 우리나라 최초의 근대 신문이다.윤동주의 유고 시집인 ≪하늘과 바람과 별과 시≫에는 31편의 시가 실려 있다.[붙임] 겹낫표나 겹화살괄호 대신 큰따옴표를 쓸 수 있다.우리나라 최초의 민간 신문은 1896년에 창간된 “독립신문”이다.윤동주의 유고 시집인 “하늘과 바람과 별과 시”에는 31편의 시가 실려 있다.,겹화살괄호는 기존 규정에는 없는 부호였지만 현실적으로 널리 쓰이므로 개정안에 추가함. 겹낫표와 겹화살괄호는 상호 대체 가능하므로 한 조항에서 다룸. 큰따옴표도 책 제목 등을 나타낼 때 널리 쓰이고 있음을 반영하여 [붙임]을 기술함.,Y,N,2018-10-23 17:06:00,2019-01-18 11:27:00
84,788,5,한글 맞춤법,부록>14.>,2015-01-01 00:00:00,부,"부호 추가, 내용 수정 및 보충",,"소제목, 그림이나 노래와 같은 예술 작품의 제목, 상호, 법률, 규정 등을 나타낼 때 쓴다.「국어 기본법 시행령 」 은 「국어 기본법 」에서 위임된 사항과 그 시행에 필요한 사항을 규정함을 목적으로 한다.이 곡은 베르디가 작곡한 「축배의 노래」이다.사무실 밖에 「해와 달」이라고 쓴 간판을 달았다.은 사진집 ≪아름다운 땅≫에 실린 작품이다.백남준은 2005년에라는 작품을 선보였다.[붙임] 홑낫표나 홑화살괄호 대신 작은따옴표를 쓸 수 있다.사무실 밖에 ‘해와 달’이라고 쓴 간판을 달았다.‘한강’은 사진집 “아름다운 땅”에 실린 작품이다.","홑화살괄호는 기존 규정에는 없는 부호였지만 현실적으로 널리 쓰이므로 개정안에 추가함. 홑낫표와 홑화살괄호는 상호 대체 가능하므로 한 조항에서 다룸. 작은따옴표도 소제목, 법률명 등을 나타낼 때 널리 쓰이고 있음을 반영하여 [붙임]을 기술함.",Y,N,2018-10-23 17:08:00,2019-01-18 11:30:00
85,790,5,한글 맞춤법,부록>15.>,2015-01-01 00:00:00,부,"구조 변경, 내용 수정 및 보충","(1) 문장 중간에 앞의 내용에 대해 부연하는 말이 끼어들 때 쓴다.그 신동은 네 살에 ─ 보통 아이 같으면 천자문도 모를 나이에 ─ 벌써 시를 지었다.(2) 앞의 말을 정정 또는 변명하는 말이 이어질 때 쓴다.어머님께 말했다가 ─ 아니, 말씀드렸다가 ─ 꾸중만 들었다.이건 내 것이니까 ─ 아니, 내가 처음 발견한 것이니까 ─ 절대로 양보할 수가 없다.","제목 다음에 표시하는 부제의 앞뒤에 쓴다.이번 토론회의 제목은 ‘역사 바로잡기 ― 근대의 설정 ―’이다.‘환경 보호 ― 숲 가꾸기 ―’라는 제목으로 글짓기를 했다.다만, 뒤에 오는 줄표는 생략할 수 있다.이번 토론회의 제목은 ‘역사 바로잡기 ― 근대의 설정’이다.‘환경 보호 ― 숲 가꾸기’라는 제목으로 글짓기를 했다.","줄표의 기본적인 용법, [다만]을 수정 및 보충 하여 기술함.",Y,N,2018-10-23 17:10:00,2019-01-18 13:43:00
86,793,5,한글 맞춤법,부록>16.>(1),2015-01-01 00:00:00,부,조항 신설,,(1) 차례대로 이어지는 내용을 하나로 묶어 열거할 때 각 어구 사이에 쓴다.멀리뛰기는 도움닫기-도약-공중 자세-착지의 순서로 이루어진다.김 과장은 기획-실무-홍보까지 직접 발로 뛰었다.,붙임표를 써서 차례대로 이어지는 내용을 하나로 묶어 열거하는 용법을 새로 기술하였음.,Y,N,2018-10-23 17:13:00,2019-01-18 13:48:00
87,794,5,한글 맞춤법,부록>16.>(2),2015-01-01 00:00:00,부,조항 신설,,(2) 두 개 이상의 어구가 밀접한 관련이 있음을 나타내고자 할 때 쓴다.드디어 서울-북경의 항로가 열렸다.원-달러 환율남한-북한-일본 삼자 관계,붙임표를 써서 두 개 이상의 어구가 밀접한 관련이 있음을 나타내는 용법을 새로 기술하였음.,Y,N,2018-10-23 17:15:00,2019-01-18 13:52:00
88,446,1,외래어 표기법,본문>제2장>표 11,2017-03-28 00:00:00,부,띄어쓰기 수정: '스웨덴 어'→ '스웨덴어',스웨덴 어자모와 한글 대조표,스웨덴어자모와 한글 대조표,"해', '섬', '강', '산' 등의 띄어쓰기에 관한 종전의 규정 때문에 접미사 '-어(語)' 또한 외래어 뒤에서는 띄어 쓰는 것을 원칙으로 하고 있었음. 접미사를 띄어 쓰는 예외를 인정할 수 없고 국어의 띄어쓰기는 한글 맞춤법의 규정을 따르는 것이 타당하므로 관련 규정(제4장 제3절 제1항)을 삭제하였으며, 접미사 ‘-어(語), -인(人), -족(族), -해(海)’ 및 명사 ‘섬, 강, 산, 산맥, 고원, 평야…’ 등을 외래어 뒤에서도 붙여 쓴다는 취지로을 수정함. 외래어 표기법의 규정문에 쓰인 '-어(語)'로 끝나는 말들의 띄어쓰기도 함께 수정함.",Y,N,2018-10-23 17:16:00,2019-01-10 14:26:00
89,796,5,한글 맞춤법,부록>17.>,2015-01-01 00:00:00,부,"구조 변경, 표현 수정, [붙임] 추가, 용례 추가 및 수정",(1) ‘내지’라는 뜻에 쓴다.9월 15일∼9월 25일(2) 어떤 말의 앞이나 뒤에 들어갈 말 대신 쓴다.새마을: ∼ 운동 ∼ 노래-가(家): 음악∼ 미술∼,기간이나 거리 또는 범위를 나타낼 때 쓴다.9월 15일~9월 25일김정희(1786~1856)서울~천안 정도는 출퇴근이 가능하다.이번 시험의 범위는 3~78쪽입니다.[붙임] 물결표 대신 붙임표를 쓸 수 있다.9월 15일-9월 25일 김정희(1786-1856)서울-천안 정도는 출퇴근이 가능하다. 이번 시험의 범위는 3-78쪽입니다.,"조항의 표현을 수정하여 보다 구체적으로 기술함.(""‘내지’라는 뜻에 쓴다."" → ""기간이나 거리 또는 범위를 나타낼 때 쓴다."") [붙임]을 추가하여 물결표 대신 붙임표를 쓸 수 있음을 보임.",Y,N,2018-10-23 17:17:00,2019-01-18 13:55:00
90,447,1,외래어 표기법,본문>제2장>표 12,2017-03-28 00:00:00,부,띄어쓰기 수정: '노르웨이 어'→ '노르웨이어',노르웨이 어자모와 한글 대조표,노르웨이어자모와 한글 대조표,"해', '섬', '강', '산' 등의 띄어쓰기에 관한 종전의 규정 때문에 접미사 '-어(語)' 또한 외래어 뒤에서는 띄어 쓰는 것을 원칙으로 하고 있었음. 접미사를 띄어 쓰는 예외를 인정할 수 없고 국어의 띄어쓰기는 한글 맞춤법의 규정을 따르는 것이 타당하므로 관련 규정(제4장 제3절 제1항)을 삭제하였으며, 접미사 ‘-어(語), -인(人), -족(族), -해(海)’ 및 명사 ‘섬, 강, 산, 산맥, 고원, 평야…’ 등을 외래어 뒤에서도 붙여 쓴다는 취지로을 수정함. 외래어 표기법의 규정문에 쓰인 '-어(語)'로 끝나는 말들의 띄어쓰기도 함께 수정함.",Y,N,2018-10-23 17:19:00,2019-01-10 14:30:00
91,798,5,한글 맞춤법,부록>18.>,2015-01-01 00:00:00,부,"구조 변경, 내용 일부 삭제, 용례 추가 및 수정","·이나 ∘을 가로쓰기에는 글자 위에, 세로쓰기에는 글자 오른쪽에 쓴다. 문장 내용 중에서 주의가 미쳐야 할 곳이나 중요한 부분을 특별히 드러내 보일 때 쓴다.한글의 본이름은훈민정음이다.중요한 것은왜사느냐가 아니라어떻게사느냐하는 문제이다.[붙임] 가로쓰기에서는 밑줄( _____, ~~~~~~)을 치기도 한다.다음 보기에서 명사가아닌것은?",문장 내용 중에서 주의가 미쳐야 할 곳이나 중요한 부분을 특별히 드러내 보일 때 쓴다.한글의 본디 이름은훈민정음이다.중요한 것은왜사느냐가 아니라어떻게사느냐이다.지금 필요한 것은지식이 아니라실천입니다.다음 보기에서 명사가아닌것은?[붙임] 드러냄표나 밑줄 대신 작은따옴표를 쓸 수 있다.한글의 본디 이름은 ‘훈민정음’이다.중요한 것은 ‘왜 사느냐’가 아니라 ‘어떻게 사느냐’이다.지금 필요한 것은 ‘지식’이 아니라 ‘실천’입니다.다음 보기에서 명사가 ‘아닌’ 것은?,기존 부호 중에서 거의 쓰이지 않는 부호는 삭제함.,Y,N,2018-10-23 17:19:00,2019-01-18 13:58:00
92,801,5,한글 맞춤법,부록>19.>(1),2015-01-01 00:00:00,부,표현 일부 수정,"(1) 금기어나 공공연히 쓰기 어려운비속어의 경우,그 글자의 수효만큼 쓴다. 배운 사람 입에서 어찌 ○○○란 말이 나올 수 있느냐? 그 말을 듣는 순간 ×××란 말이 목구멍까지 치밀었다.","(1) 금기어나 공공연히 쓰기 어려운비속어임을 나타낼 때,그 글자의 수효만큼 쓴다. 배운 사람 입에서 어찌 ○○○란 말이 나올 수 있느냐? 그 말을 듣는 순간 ×××란 말이 목구멍까지 치밀었다.",기존 조항에서 설명을 일부 수정함. 예문은 동일함.,Y,N,2018-10-23 17:24:00,2019-01-18 14:02:00
93,448,1,외래어 표기법,본문>제2장>표 13,2017-03-28 00:00:00,부,띄어쓰기 수정: '덴마크 어'→ '덴마크어',덴마크 어자모와 한글 대조표,덴마크어자모와 한글 대조표,"해', '섬', '강', '산' 등의 띄어쓰기에 관한 종전의 규정 때문에 접미사 '-어(語)' 또한 외래어 뒤에서는 띄어 쓰는 것을 원칙으로 하고 있었음. 접미사를 띄어 쓰는 예외를 인정할 수 없고 국어의 띄어쓰기는 한글 맞춤법의 규정을 따르는 것이 타당하므로 관련 규정(제4장 제3절 제1항)을 삭제하였으며, 접미사 ‘-어(語), -인(人), -족(族), -해(海)’ 및 명사 ‘섬, 강, 산, 산맥, 고원, 평야…’ 등을 외래어 뒤에서도 붙여 쓴다는 취지로을 수정함. 외래어 표기법의 규정문에 쓰인 '-어(語)'로 끝나는 말들의 띄어쓰기도 함께 수정함.",Y,N,2018-10-23 17:25:00,2019-01-10 14:31:00
94,802,5,한글 맞춤법,부록>19.>(2),2015-01-01 00:00:00,부,"표현 수정, 용례 추가","(2)비밀을 유지할 사항일 경우, 그 글자의 수효만큼 쓴다.육군 ○○부대 ○○○ 명이 작전에 참가하였다. 그 모임의 참석자는 김×× 씨, 정×× 씨 등 5명이었다.","(2)비밀을 유지해야 하거나 밝힐 수 없는 사항임을 나타낼 때 쓴다.1차 시험 합격자는 김○영, 이○준, 박○순 등 모두 3명이다.육군 ○○ 부대 ○○○ 명이 작전에 참가하였다. 그 모임의 참석자는 김×× 씨, 정×× 씨 등 5명이었다.","비밀 사항인데도 글자 수효만큼 쓴다는 것은 모순이므로 문구를 일부 수정함.(""비밀을 유지할 사항일 경우, 그 글자의 수효만큼 쓴다."" → ""비밀을 유지해야 하거나 밝힐 수 없는 사항임을 나타낼 때 쓴다."")",Y,N,2018-10-23 17:26:00,2019-01-18 14:05:00
95,804,5,한글 맞춤법,부록>20.>(1),2015-01-01 00:00:00,부,표현 일부 수정,(1) 옛 비문이나서적등에서 글자가 분명하지 않을때에그 글자의 수효만큼 쓴다. 大師爲法主□□賴之大□薦(옛 비문),(1) 옛 비문이나문헌등에서 글자가 분명하지 않을때그 글자의 수효만큼 쓴다. 大師爲法主□□賴之大□薦,"""옛 비문이나 서적 등에서 글자가 분명하지 않을 때에 그 글자의 수효만큼 쓴다."" → ""옛 비문이나 문헌 등에서 글자가 분명하지 않을 때 그 글자의 수효만큼 쓴다.""",Y,N,2018-10-23 17:30:00,2019-01-18 14:08:00
96,451,1,외래어 표기법,본문>제2장>표 14,2017-03-28 00:00:00,부,띄어쓰기 수정: '말레이인도네시아 어'→ '말레이인도네시아어',말레이인도네시아 어자모와 한글 대조표,말레이인도네시아어자모와 한글 대조표,"해', '섬', '강', '산' 등의 띄어쓰기에 관한 종전의 규정 때문에 접미사 '-어(語)' 또한 외래어 뒤에서는 띄어 쓰는 것을 원칙으로 하고 있었음. 접미사를 띄어 쓰는 예외를 인정할 수 없고 국어의 띄어쓰기는 한글 맞춤법의 규정을 따르는 것이 타당하므로 관련 규정(제4장 제3절 제1항)을 삭제하였으며, 접미사 ‘-어(語), -인(人), -족(族), -해(海)’ 및 명사 ‘섬, 강, 산, 산맥, 고원, 평야…’ 등을 외래어 뒤에서도 붙여 쓴다는 취지로을 수정함. 외래어 표기법의 규정문에 쓰인 '-어(語)'로 끝나는 말들의 띄어쓰기도 함께 수정함.",Y,N,2018-10-23 17:30:00,2019-01-10 14:32:00
97,805,5,한글 맞춤법,부록>20.>(2),2015-01-01 00:00:00,부,구조 변경,(2) 글자가 들어가야 할 자리를 나타낼 때 쓴다. 훈민정음의 초성 중에서 아음(牙音)은 □□□의 석 자다.,(2) 글자가 들어가야 할 자리를 나타낼 때 쓴다. 훈민정음의 초성 중에서 아음(牙音)은 □□□의 석 자다.,기존 조항과 설명 및 예문 동일함.,Y,N,2018-10-23 17:31:00,2019-01-18 14:12:00
98,807,5,한글 맞춤법,부록>21.>(1),2015-01-01 00:00:00,부,표현 일부 수정,(1) 할 말을 줄였을때에쓴다. “어디 나하고 한번…….” 하고철수가나섰다.,(1) 할 말을 줄였을때쓴다. “어디 나하고 한번…….” 하고민수가나섰다.,"""할 말을 줄였을 때에 쓴다."" → ""할 말을 줄였을 때 쓴다.""",Y,N,2018-10-23 17:34:00,2019-01-18 14:15:00
99,453,1,외래어 표기법,본문>제2장>표 15,2017-03-28 00:00:00,부,띄어쓰기 수정: '타이 어'→ '타이어',타이 어자모와 한글 대조표,타이어자모와 한글 대조표,"해', '섬', '강', '산' 등의 띄어쓰기에 관한 종전의 규정 때문에 접미사 '-어(語)' 또한 외래어 뒤에서는 띄어 쓰는 것을 원칙으로 하고 있었음. 접미사를 띄어 쓰는 예외를 인정할 수 없고 국어의 띄어쓰기는 한글 맞춤법의 규정을 따르는 것이 타당하므로 관련 규정(제4장 제3절 제1항)을 삭제하였으며, 접미사 ‘-어(語), -인(人), -족(族), -해(海)’ 및 명사 ‘섬, 강, 산, 산맥, 고원, 평야…’ 등을 외래어 뒤에서도 붙여 쓴다는 취지로을 수정함. 외래어 표기법의 규정문에 쓰인 '-어(語)'로 끝나는 말들의 띄어쓰기도 함께 수정함.",Y,N,2018-10-23 17:36:00,2019-01-15 17:41:00
100,808,5,한글 맞춤법,부록>21.>(2),2015-01-01 00:00:00,부,표현 일부 수정,(2) 말이 없음을 나타낼때에쓴다. “빨리 말해!” “…….”,(2) 말이 없음을 나타낼때쓴다. “빨리 말해!” “…….”,"""말이 없음을 나타낼 때에 쓴다."" → ""말이 없음을 나타낼 때 쓴다.""",Y,N,2018-10-23 17:36:00,2019-01-18 14:18:00
101,809,5,한글 맞춤법,부록>21.>(3),2015-01-01 00:00:00,부,조항 신설,,"(3) 문장이나 글의 일부를 생략할 때 쓴다.‘고유’라는 말은 문자 그대로 본디부터 있었다는 뜻은 아닙니다. …… 같은 역사적 환경에서 공동의 집단생활을 영위해 오는 동안공동으로 발견된, 사물에 대한 공동의 사고방식을 우리는 한국의 고유 사상이라 부를 수 있다는 것입니다.",문장이나 글의 일부를 생략할 때 줄임표를 쓰는 용법을 추가로 기술함.,Y,N,2018-10-23 17:37:00,2019-01-18 15:14:00
102,810,5,한글 맞춤법,부록>21.>(4),2015-01-01 00:00:00,부,조항 신설,,(4) 머뭇거림을 보일 때 쓴다.“우리는 모두…… 그러니까…… 예외 없이 눈물만…… 흘렸다.”,머뭇거림을 보일 때 줄임표를 쓰는 용법을 추가로 기술함.,Y,N,2018-10-23 17:39:00,2019-01-18 15:20:00
103,811,5,한글 맞춤법,부록>21.>[붙임 1],2015-01-01 00:00:00,부,[붙임 1] 추가,,[붙임 1] 점은 가운데에 찍는 대신 아래쪽에 찍을 수도 있다.“어디 나하고 한번.......” 하고 민수가 나섰다.“실은...... 저 사람...... 우리 아저씨일지 몰라.”,실제 온점(마침표)으로 줄임표를 대신하는 경우가 많으므로 이와 같이 쓰는 것을 인정함.,Y,N,2018-10-23 17:40:00,2019-01-18 15:23:00
104,812,5,한글 맞춤법,부록>21.>[붙임 2],2015-01-01 00:00:00,부,[붙임 2] 추가,,[붙임 2] 점은 여섯 점을 찍는 대신 세 점을 찍을 수도 있다.“어디 나하고 한번….” 하고 민수가 나섰다.“실은... 저 사람... 우리 아저씨일지 몰라.”,실제 점을 세 개만 찍는 경우가 많으므로 이와 같이 쓰는 것을 인정함.,Y,N,2018-10-23 17:42:00,2019-01-18 15:33:00
105,813,5,한글 맞춤법,부록>21.>[붙임 3],2015-01-01 00:00:00,부,[붙임 3] 추가,,"[붙임 3] 줄임표는 앞말에 붙여 쓴다. 다만, (3)에서는 줄임표의 앞뒤를 띄어 쓴다.줄임표는 앞말에 붙여 쓴다. 다만, (3)에서는 줄임표의 앞뒤를 띄어 쓴다.",그동안 관례로 구분해 온 줄임표의 띄어쓰기를 구체적으로 규정함.,Y,N,2018-10-23 17:43:00,2019-01-18 15:36:00
106,454,1,외래어 표기법,본문>제2장>표 16,2017-03-28 00:00:00,부,띄어쓰기 수정: '베트남 어'→ '베트남어',베트남 어자모와 한글 대조표,베트남어자모와 한글 대조표,"해', '섬', '강', '산' 등의 띄어쓰기에 관한 종전의 규정 때문에 접미사 '-어(語)' 또한 외래어 뒤에서는 띄어 쓰는 것을 원칙으로 하고 있었음. 접미사를 띄어 쓰는 예외를 인정할 수 없고 국어의 띄어쓰기는 한글 맞춤법의 규정을 따르는 것이 타당하므로 관련 규정(제4장 제3절 제1항)을 삭제하였으며, 접미사 ‘-어(語), -인(人), -족(族), -해(海)’ 및 명사 ‘섬, 강, 산, 산맥, 고원, 평야…’ 등을 외래어 뒤에서도 붙여 쓴다는 취지로을 수정함. 외래어 표기법의 규정문에 쓰인 '-어(語)'로 끝나는 말들의 띄어쓰기도 함께 수정함.",Y,N,2018-10-23 17:45:00,2019-01-15 17:44:00
107,455,1,외래어 표기법,본문>제2장>표 17,2017-03-28 00:00:00,부,띄어쓰기 수정: '포르투갈 어'→ '포르투갈어',"포르투갈 어자모와 한글 대조표 * k, w, y는 외래어나 외래어에서 파생된 포르투갈식 어휘 또는 국제적으로 통용되는 약자나 기호의 표기에서 사용되는 것으로포르투갈 어알파벳에 속하지 않으므로 해당 외래어 발음에 가깝게 표기한다. * (브)는 브라질포르투갈 어에 적용되는 표기이다.","포르투갈어자모와 한글 대조표 * k, w, y는 외래어나 외래어에서 파생된 포르투갈식 어휘 또는 국제적으로 통용되는 약자나 기호의 표기에서 사용되는 것으로포르투갈어알파벳에 속하지 않으므로 해당 외래어 발음에 가깝게 표기한다. * (브)는 브라질포르투갈어에 적용되는 표기이다.","해', '섬', '강', '산' 등의 띄어쓰기에 관한 종전의 규정 때문에 접미사 '-어(語)' 또한 외래어 뒤에서는 띄어 쓰는 것을 원칙으로 하고 있었음. 접미사를 띄어 쓰는 예외를 인정할 수 없고 국어의 띄어쓰기는 한글 맞춤법의 규정을 따르는 것이 타당하므로 관련 규정(제4장 제3절 제1항)을 삭제하였으며, 접미사 ‘-어(語), -인(人), -족(族), -해(海)’ 및 명사 ‘섬, 강, 산, 산맥, 고원, 평야…’ 등을 외래어 뒤에서도 붙여 쓴다는 취지로을 수정함. 외래어 표기법의 규정문에 쓰인 '-어(語)'로 끝나는 말들의 띄어쓰기도 함께 수정함.",Y,N,2018-10-23 17:53:00,2019-01-15 17:44:00
108,457,1,외래어 표기법,본문>제2장>표 18,2017-03-28 00:00:00,부,띄어쓰기 수정: '네덜란드 어'→ '네덜란드어',네덜란드 어자모와 한글 대조표,네덜란드어자모와 한글 대조표,"해', '섬', '강', '산' 등의 띄어쓰기에 관한 종전의 규정 때문에 접미사 '-어(語)' 또한 외래어 뒤에서는 띄어 쓰는 것을 원칙으로 하고 있었음. 접미사를 띄어 쓰는 예외를 인정할 수 없고 국어의 띄어쓰기는 한글 맞춤법의 규정을 따르는 것이 타당하므로 관련 규정(제4장 제3절 제1항)을 삭제하였으며, 접미사 ‘-어(語), -인(人), -족(族), -해(海)’ 및 명사 ‘섬, 강, 산, 산맥, 고원, 평야…’ 등을 외래어 뒤에서도 붙여 쓴다는 취지로을 수정함. 외래어 표기법의 규정문에 쓰인 '-어(語)'로 끝나는 말들의 띄어쓰기도 함께 수정함.",Y,N,2018-10-23 18:00:00,2019-01-15 17:45:00
109,458,1,외래어 표기법,본문>제2장>표 19,2017-03-28 00:00:00,부,"띄어쓰기 수정: '러시아 어'→ '러시아어', 표기 수정: 'Rostopchinya(Ростопчиня) 로스톱치냐'→ 'Rostopchina(Ростопчина) 로스톱치나'",러시아 어자모와 한글 대조표 표기:'Rostopchinya(Ростопчиня) 로스톱치냐',러시아어자모와 한글 대조표 표기:'Rostopchina(Ростопчина) 로스톱치나',"해', '섬', '강', '산' 등의 띄어쓰기에 관한 종전의 규정 때문에 접미사 '-어(語)' 또한 외래어 뒤에서는 띄어 쓰는 것을 원칙으로 하고 있었음. 접미사를 띄어 쓰는 예외를 인정할 수 없고 국어의 띄어쓰기는 한글 맞춤법의 규정을 따르는 것이 타당하므로 관련 규정(제4장 제3절 제1항)을 삭제하였으며, 접미사 ‘-어(語), -인(人), -족(族), -해(海)’ 및 명사 ‘섬, 강, 산, 산맥, 고원, 평야…’ 등을 외래어 뒤에서도 붙여 쓴다는 취지로을 수정함. 외래어 표기법의 규정문에 쓰인 '-어(語)'로 끝나는 말들의 띄어쓰기도 함께 수정함. 기존의 용례 'Rostopchinya(Ростопчиня) 로스톱치냐'는 러시아 인명으로 널리 쓰이는 'Rostopchina(Ростопчина) 로스톱치나'의 오기이므로 수정함.",Y,N,2018-10-23 18:03:00,2019-01-18 13:23:00
110,278,4,한글 맞춤법,본문>제3장>제2절>제6항,2017-03-28 00:00:00,부,띄어쓰기 수정: '소리나더라도' → '소리 나더라도',"그 ‘ㄷ, ㅌ’이 ‘ㅈ, ㅊ’으로소리나더라도‘ㄷ, ㅌ’으로 적는다.","그 ‘ㄷ, ㅌ’이 ‘ㅈ, ㅊ’으로소리 나더라도‘ㄷ, ㅌ’으로 적는다.","규정문과 ""표준국어대사전"" 간 띄어쓰기 불일치를 해결하기 위해, 한글 맞춤법 제6항 규정문의 띄어쓰기를 수정함. '소리 나다'는 ""표준국어대사전""에 한 단어로 등재되어 있지 않으므로, 규정문을 띄어 쓰는 것으로 수정함.",Y,N,2018-10-24 09:57:00,2019-01-15 11:13:00
111,228,4,한글 맞춤법,본문>제3장>제4절>제8항,2017-03-28 00:00:00,부,띄어쓰기 수정: '소리나는' → '소리 나는',"계, 례, 몌, 폐, 혜’의 ‘ㅖ’는 ‘ㅔ’로소리나는경우가 있더라도 ‘ㅖ’로 적는다.","‘계, 례, 몌, 폐, 혜’의 ‘ㅖ’는 ‘ㅔ’로소리 나는경우가 있더라도 ‘ㅖ’로 적는다.","규정문과 ""표준국어대사전"" 간 띄어쓰기 불일치를 해결하기 위해, 한글 맞춤법 제8항 규정문의 띄어쓰기를 수정함. '소리 나다'는 ""표준국어대사전""에 한 단어로 등재되어 있지 않으므로, 규정문을 띄어 쓰는 것으로 수정함.",Y,N,2018-10-24 10:03:00,2019-01-15 11:16:00
112,229,4,한글 맞춤법,본문>제3장>제4절>제9항,2017-03-28 00:00:00,부,띄어쓰기 수정: '소리나는' → '소리 나는',"‘의’나, 자음을 첫소리로 가지고 있는 음절의 ‘ㅢ’는 ‘ㅣ’로소리나는경우가 있더라도 ‘ㅢ’로 적는다.","‘의’나, 자음을 첫소리로 가지고 있는 음절의 ‘ㅢ’는 ‘ㅣ’로소리 나는경우가 있더라도 ‘ㅢ’로 적는다.","규정문과 ""표준국어대사전"" 간 띄어쓰기 불일치를 해결하기 위해, 한글 맞춤법 제9항 규정문의 띄어쓰기를 수정함. '소리 나다'는 ""표준국어대사전""에 한 단어로 등재되어 있지 않으므로, 규정문을 띄어 쓰는 것으로 수정함.",Y,N,2018-10-24 10:05:00,2019-01-15 11:18:00
113,231,4,한글 맞춤법,본문>제3장>제5절>제11항,2017-03-28 00:00:00,부,"띄어쓰기 수정, 용례 교체",[붙임 3] 준말에서 본음으로소리나는것은 본음대로 적는다. 국련(국제연합)대한교련(대한교육연합회),[붙임 3] 준말에서 본음으로소리 나는것은 본음대로 적는다. 국련(국제 연합)한시련(한국 시각 장애인 연합회),"규정문과 ""표준국어대사전"" 간 띄어쓰기 불일치를 해결하기 위해, 한글 맞춤법 제11항 [붙임 3]의 띄어쓰기를 수정함. '소리 나다'는 ""표준국어대사전""에 한 단어로 등재되어 있지 않으므로, 규정문을 띄어 쓰는 것으로 수정함. '고유 명사는 단어별로 띄어 쓰는 것이 원칙임. 현재 규정문의 띄어쓰기는 원칙을 따르고 있으므로, 한글 맞춤법 제11항 [붙임 3]의 용례 '국제연합'을 '국제 연합'과 같이 띄어 쓰는 것으로 수정함. '한글 맞춤법 제11항 [붙임 3]의 용례 중에서, ""대한교련(대한교육연합회)""를 ""한시련(한국 시각 장애인 연합회)""로 교체함.",Y,N,2018-10-24 10:08:00,2019-01-18 15:14:00
114,235,4,한글 맞춤법,본문>제4장>제2절>제15항,2017-03-28 00:00:00,부,띄어쓰기 수정: '소리나는' → '소리 나는',종결형에서 사용되는 어미 ‘-오’는 ‘요’로소리나는경우가 있더라도 그 원형을 밝혀 ‘오’로 적는다.,종결형에서 사용되는 어미 ‘-오’는 ‘요’로소리 나는경우가 있더라도 그 원형을 밝혀 ‘오’로 적는다.,"규정문과 ""표준국어대사전"" 간 띄어쓰기 불일치를 해결하기 위해, 한글 맞춤법 제15항 [붙임 2]의 띄어쓰기를 수정함. '소리 나다'는 ""표준국어대사전""에 한 단어로 등재되어 있지 않으므로, 규정문을 띄어 쓰는 것으로 수정함.",Y,N,2018-10-24 10:38:00,2019-01-15 11:22:00
115,238,4,한글 맞춤법,본문>제4장>제2절>제18항,2017-03-28 00:00:00,부,띄어쓰기 수정: '소리나는' → '소리 나는',"‘돕-, 곱-’과 같은 단음절 어간에 어미 ‘-아’가 결합되어 ‘와’로소리나는것은 ‘-와’로 적는다.지식이 아니라실천입니다.","‘돕-, 곱-’과 같은 단음절 어간에 어미 ‘-아’가 결합되어 ‘와’로소리 나는것은 ‘-와’로 적는다.","규정문과 ""표준국어대사전"" 간 띄어쓰기 불일치를 해결하기 위해, 한글 맞춤법 제18항 '6.'의 띄어쓰기를 수정함. '소리 나다'는 ""표준국어대사전""에 한 단어로 등재되어 있지 않으므로, 규정문을 띄어 쓰는 것으로 수정함.",Y,N,2018-10-24 10:41:00,2019-01-15 09:10:00
116,239,4,한글 맞춤법,본문>제4장>제3절>제19항,2017-03-28 00:00:00,부,용례 삭제: '만듦',2. '-음/-ㅁ'이 붙어서 명사로 된 것 걸음 묶음 믿음 얼음 엮음 울음 웃음 졸음 죽음 앎만듦,2. '-음/-ㅁ'이 붙어서 명사로 된 것 걸음 묶음 믿음 얼음 엮음 울음 웃음 졸음 죽음 앎,"한글 맞춤법 제19항의 ""2. ‘-음/-ㅁ’이 붙어서 명사로 된 것""에서, 동사의 명사형인 '만듦'은 파생 명사가 아니므로 부적절한 용례였음. 부적절한 용례 '만듦'을 삭제함.",Y,N,2018-10-24 10:47:00,2019-01-15 11:24:00
117,247,4,한글 맞춤법,본문>제4장>제4절>제27항,2017-03-28 00:00:00,부,띄어쓰기 수정: '소리날 때에는' → '소리 날 때에는',"‘이[齒, 虱]’가 합성어나 이에 준하는 말에서 ‘니’ 또는 ‘리’로소리날때에는 ‘니’로 적는다.","‘이[齒, 虱]’가 합성어나 이에 준하는 말에서 ‘니’ 또는 ‘리’로소리 날때에는 ‘니’로 적는다.","규정문과 ""표준국어대사전"" 간 띄어쓰기 불일치를 해결하기 위해, 한글 맞춤법 제27항 [붙임 3]의 띄어쓰기를 수정함. '소리 나다'는 ""표준국어대사전""에 한 단어로 등재되어 있지 않으므로, 규정문을 띄어 쓰는 것으로 수정함.",Y,N,2018-10-24 10:50:00,2019-01-22 16:27:00
118,248,4,한글 맞춤법,본문>제4장>제4절>제28항,2017-03-28 00:00:00,부,"용례 삭제: '부나비(불-나비)', '소나무(솔-나무)'",제28항 끝소리가 'ㄹ'인 말과 딴 말이 어울릴 적에 'ㄹ' 소리가 나지 아니하는 것은 아니 나는 대로 적는다. 다달이(달-달이) 따님(딸-님) 마되(말-되) 마소(말-소) 무자위(물-자위) 바느질(바늘-질) 부삽(불-삽) 부손(불-손) 싸전(쌀-전) 여닫이(열-닫이) 우짖다(울-짖다) 화살(활-살)부나비(불-나비) 소나무(솔-나무),제28항 끝소리가 'ㄹ'인 말과 딴 말이 어울릴 적에 'ㄹ' 소리가 나지 아니하는 것은 아니 나는 대로 적는다. 다달이(달-달이) 따님(딸-님) 마되(말-되) 마소(말-소) 무자위(물-자위) 바느질(바늘-질) 부삽(불-삽) 부손(불-손) 싸전(쌀-전) 여닫이(열-닫이) 우짖다(울-짖다) 화살(활-살),"불나비'와 '솔나무'는 전문 분야의 관행을 존중하여 표준어로 인정하고 있으므로, ‘ㄹ’이 들어간 형태를 인정하지 않는다는 조항에서 용례로 제시할 수 없음. 부적절한 용례인 '부나비(불-나비)'와 '소나무(솔-나무)'를 삭제함.",Y,N,2018-10-24 10:57:00,2019-01-15 11:28:00
119,250,4,한글 맞춤법,본문>제4장>제4절>제30항,2017-03-28 00:00:00,부,띄어쓰기 수정: '순 우리말' → '순우리말',1.순 우리말로 된 합성어로서 앞말이 모음으로 끝난 경우 2.순 우리말과 한자어로 된 합성어로서 앞말이 모음으로 끝난 경우,1.순우리말로 된 합성어로서 앞말이 모음으로 끝난 경우 2.순우리말과 한자어로 된 합성어로서 앞말이 모음으로 끝난 경우,"순우리말'이에 한 단어로 등재되어 있으므로, 한글 맞춤법 제30항 '1.'과 '2.'에서 '순 우리말'을 '순우리말'로 수정함.",Y,N,2018-10-24 11:09:00,2019-01-21 11:09:00
120,266,4,한글 맞춤법,본문>제5장>제2절>제46항,2017-03-28 00:00:00,부,용례 삭제: '그때 그곳',제46항 단음절로 된 단어가 연이어 나타날 적에는 붙여 쓸 수 있다. 좀더 큰것 이말 저말 한잎 두잎그때 그곳,제46항 단음절로 된 단어가 연이어 나타날 적에는 붙여 쓸 수 있다. 좀더 큰것 이말 저말 한잎 두잎,"그때 그곳'의 ‘그때’와 ‘그곳’은 ""표준국어대사전""에 등재된 한 단어로 항상 붙여 써야 함. ‘붙여 쓸 수도 있다’는 해당 조항의 용례로 적절하지 않으므로 삭제함.",Y,N,2018-10-24 11:14:00,2019-01-15 11:30:00
121,267,4,한글 맞춤법,본문>제5장>제3절>제47항,2017-03-28 00:00:00,부,"표현 수정, 용례 교체","다만, 앞말에 조사가 붙거나 앞말이합성 동사인 경우, 그리고 중간에 조사가 들어갈 적에는 그 뒤에 오는 보조 용언은 띄어 쓴다.강물에 떠내려가 버렸다.","다만, 앞말에 조사가 붙거나 앞말이합성 용언인 경우, 그리고 중간에 조사가 들어갈 적에는 그 뒤에 오는 보조 용언은 띄어 쓴다.이런 기회는 다시없을 듯하다.","한글 맞춤법 제47항의 '다만'은 합성 동사뿐 아니라 합성 형용사에도 적용되는 규정임. 따라서 규정문의 '합성 동사인 경우'를 '합성 용언인 경우'로 수정함. 또 형용사의 예도 보여 주기 위해, 용례 중 ""강물에 떠내려가 버렸다.""를 ""이런 기회는 다시없을 듯하다.""로 교체함.",Y,N,2018-10-24 11:21:00,2019-01-15 12:32:00
122,276,4,한글 맞춤법,본문>제6장>제56항,2017-03-28 00:00:00,부,띄어쓰기 수정: '지난 겨울' → '지난겨울',지난 겨울은 몹시 춥더라.지난 겨울은 몹시 춥드라.,지난겨울은 몹시 춥더라.지난겨울은 몹시 춥드라.,"지난겨울'이에 한 단어로 등재되어 있으므로, 한글 맞춤법 제56항 '1.'의 용례 '지난 겨울'의 띄어쓰기를 '지난겨울'로 수정함.",Y,N,2018-10-24 13:12:00,2019-01-21 11:26:00
123,277,4,한글 맞춤법,본문>제6장>제57항,2017-03-28 00:00:00,부,"표현 수정, 띄어쓰기 수정","제57항 다음 말들은 각각 구별하여 적는다. 거름 풀을썩인거름 목걸이금 목걸이, 은 목걸이-느니보다(어미) 나를찾아 오느니보다집에 있거라.","제57항 다음 말들은 각각 구별하여 적는다. 거름 풀을썩힌거름 목걸이금목걸이, 은목걸이-느니보다(어미) 나를찾아오느니보다집에 있거라.","한글 맞춤법 제57항의 용례 중에서, '풀을 썩인 거름'은 '풀을 썩힌 거름'의 잘못이므로 표현을 수정함. 한글 맞춤법 제57항에서, '표준국어대사전' 기준으로 한 단어인 일부 용례의 띄어쓰기를 붙여 쓰는 것으로 수정함.",Y,N,2018-10-24 13:20:00,2019-01-22 16:29:00
124,359,2,표준어 규정,제1부>제2장>제1절>제5항,2017-03-28 00:00:00,부,띄어쓰기 수정: '밑고리' → '밑 고리',"갓모 갈모 1. 사기 만드는 물레밑고리2. '갈모'는 갓 위에 쓰는, 유지로 만든 우비","갓모 갈모 1. 사기 만드는 물레밑 고리2. '갈모'는 갓 위에 쓰는, 유지로 만든 우비","표준어 사정 원칙 제5항 '다만'에서, 용례 '갓모'에 대한 비고의 띄어쓰기를 수정함. '밑고리'는 ""표준국어대사전""에 한 단어로 등재되어 있지 않으므로, '밑 고리'와 같이 띄어쓰는 것으로 수정함.",Y,N,2018-10-24 13:29:00,2019-01-18 17:58:00
125,360,2,표준어 규정,제1부>제2장>제1절>제6항,2017-03-28 00:00:00,부,띄어쓰기 수정: '빌려 주다' → '빌려주다',"빌리다 빌다 1.빌려 주다, 빌려 오다 2. '용서를 빌다'는 '빌다'임.","빌리다 빌다 1.빌려주다, 빌려 오다 2. '용서를 빌다'는 '빌다'임.","표준어 사정 원칙 제6항에서, 용례 '빌리다'의 비고에 나오는 '빌려 주다'는 ""표준국어대사전"" 기준으로 한 단어임. '빌려주다'로 붙여 쓰는 것으로 수정함.",Y,N,2018-10-24 13:36:00,2019-01-18 18:00:00
126,372,2,표준어 규정,제1부>제2장>제4절>제17항,2017-03-28 00:00:00,부,띄어쓰기 수정,"제17항 비슷한 발음의 몇 형태가 쓰일 경우, 그 의미에 아무런 차이가 없고,그 중하나가 더 널리 쓰이면, 그 한 형태만을 표준어로 삼는다.(ㄱ을 표준어로 삼고, ㄴ을 버림.) 반빗-아치 반비-아치 '반빗' 노릇을 하는 사람. 찬비(饌婢). ‘반비’는밥짓는일을 맡은 계집종.","제17항 비슷한 발음의 몇 형태가 쓰일 경우, 그 의미에 아무런 차이가 없고,그중하나가 더 널리 쓰이면, 그 한 형태만을 표준어로 삼는다.(ㄱ을 표준어로 삼고, ㄴ을 버림.) 반빗-아치 반비-아치 '반빗' 노릇을 하는 사람. 찬비(饌婢). ‘반비’는밥 짓는일을 맡은 계집종.","표준어 사정 원칙 제17항 규정문에 나오는 '그 중'은 ""표준국어대사전"" 기준으로 한 단어이므로, '그중'으로 붙여 쓰는 것으로 수정함. 표준어 사정 원칙 제17항에서, 용례 '반빗-아치'에 대한 비고의 띄어쓰기를 수정함. '밥 짓다'는 ""표준국어대사전""에 한 단어로 등재되어 있지 않으므로, 규정문을 띄어 쓰는 것으로 수정함.",Y,N,2018-10-24 13:41:00,2019-01-18 18:02:00
127,669,1,외래어 표기법,본문>제3장>제15절>제7항,2017-03-28 00:00:00,부,띄어쓰기 수정: '덴마크 어'→ '덴마크어',덴마크 어의 표기 ※ 묵음과 모음의 장단에 대해서는덴마크 어의 발음을 보여 주는 사전을 참조하여야 한다.,덴마크어의 표기 ※ 묵음과 모음의 장단에 대해서는덴마크어의 발음을 보여 주는 사전을 참조하여야 한다.,"해', '섬', '강', '산' 등의 띄어쓰기에 관한 종전의 규정 때문에 접미사 '-어(語)' 또한 외래어 뒤에서는 띄어 쓰는 것을 원칙으로 하고 있었음. 접미사를 띄어 쓰는 예외를 인정할 수 없고 국어의 띄어쓰기는 한글 맞춤법의 규정을 따르는 것이 타당하므로 관련 규정(제4장 제3절 제1항)을 삭제하였으며, 접미사 ‘-어(語), -인(人), -족(族), -해(海)’ 및 명사 ‘섬, 강, 산, 산맥, 고원, 평야…’ 등을 외래어 뒤에서도 붙여 쓴다는 취지로을 수정함. 외래어 표기법의 규정문에 쓰인 '-어(語)'로 끝나는 말들의 띄어쓰기도 함께 수정함.",Y,N,2018-10-24 13:52:00,2019-01-15 17:55:00
128,687,1,외래어 표기법,본문>제3장>제3절>,2017-03-28 00:00:00,부,띄어쓰기 수정: '프랑스 어'→ '프랑스어',"프랑스 어의 표기 표1에 따르고, 제1절(영어의 표기 세칙)을 준용한다. 다만,프랑스 어의 독특한 것은 그 특징을 살려서 다음과 같이 적는다.","프랑스어의 표기 표1에 따르고, 제1절(영어의 표기 세칙)을 준용한다. 다만,프랑스어의 독특한 것은 그 특징을 살려서 다음과 같이 적는다.","해', '섬', '강', '산' 등의 띄어쓰기에 관한 종전의 규정 때문에 접미사 '-어(語)' 또한 외래어 뒤에서는 띄어 쓰는 것을 원칙으로 하고 있었음. 접미사를 띄어 쓰는 예외를 인정할 수 없고 국어의 띄어쓰기는 한글 맞춤법의 규정을 따르는 것이 타당하므로 관련 규정(제4장 제3절 제1항)을 삭제하였으며, 접미사 ‘-어(語), -인(人), -족(族), -해(海)’ 및 명사 ‘섬, 강, 산, 산맥, 고원, 평야…’ 등을 외래어 뒤에서도 붙여 쓴다는 취지로을 수정함. 외래어 표기법의 규정문에 쓰인 '-어(語)'로 끝나는 말들의 띄어쓰기도 함께 수정함.",Y,N,2018-10-24 14:11:00,2019-01-15 17:55:00
129,385,2,표준어 규정,제1부>제3장>제4절>제25항,2017-03-28 00:00:00,부,"띄어쓰기 수정, 용례 삭제, 표기 수정","제25항 의미가 똑같은 형태가 몇 가지 있을 경우,그 중어느 하나가 압도적으로 널리 쓰이면, 그 단어만을 표준어로 삼는다.(ㄱ을 표준어로 삼고, ㄴ을 버림.) ㄱ ㄴ까다롭다 까닭-스럽다/까탈-스럽다꼬창-모 말뚝-모꼬창이로 구멍을 뚫으면서 심는 모 다사-스럽다 다사-하다 간섭을잘 하다-에는 -엘랑주책-없다 주책-이다 '주착->주책'은 제11항 참조","제25항 의미가 똑같은 형태가 몇 가지 있을 경우,그중어느 하나가 압도적으로 널리 쓰이면, 그 단어만을 표준어로 삼는다.(ㄱ을 표준어로 삼고, ㄴ을 버림.) ㄱ ㄴ 꼬창-모 말뚝-모꼬챙이로 구멍을 뚫으면서 심는 모 다사-스럽다 다사-하다 간섭을잘하다","표준어 사정 원칙 제25항 규정문의 띄어쓰기를 수정함. '2016년 복수 표준어 발표'를 통해 ‘까탈스럽다’를 ‘까다롭다’와 뜻이 다른 별도 표준어로 인정함에 따라, 비표준어로 제시되었던 '까탈스럽다' 및 관련 용례들을 삭제함. 표준어 사정 원칙 제25항에서, 용례 '꼬창모'의 비고에 나오는 '꼬창이'는 '꼬챙이'의 잘못이므로 표기를 수정함. 용례 '다사스럽다'의 비고에서, 띄어쓰기를 수정함. 종전에는 표준어 사정 원칙 제25항(단수 표준어)에 '엘랑'이 '에는'의 비표준어로 명시되어 있었음. 그러나 ""표준국어대사전""에서는 'ㄹ랑'을 '에' 뒤에 붙어 쓸 수 있는 표준어로 설명하고 있어 혼란이 있었음. ‘엘랑’과 ‘에는’의 뜻 차이가 명백하다면 ‘엘랑’을 별도의 표준어로 인정하는 문제를 규범정비위원회에서 논의함. '2016년 복수 표준어 발표'를 통해 ‘엘랑’을 표준어로 인정함에 따라, 관련 규정의 해당 용례를 삭제함. '2016년 복수 표준어 발표'를 통해 ‘주책이다’의 표준성을 인정함에 따라, 표준어 사정 원칙 제25항에서 해당 용례 및 비고를 삭제함.",Y,N,2018-10-24 14:14:00,2019-01-21 18:07:00
130,400,2,표준어 규정,제2부>제3장>제7항,2017-03-28 00:00:00,부,띄어쓰기 수정: '관계 없이' → '관계없이',[붙임] 다음과 같은 복합어에서는 본디의 길이에관계 없이짧게 발음한다.,[붙임] 다음과 같은 복합어에서는 본디의 길이에관계없이짧게 발음한다.,"""표준국어대사전"" 기술과의 통일성을 확보하기 위해, 표준 발음법 제7항 [붙임]에 나오는 ‘관계 없이’를 ‘관계없이’로 수정함. '관계없다'는 ""표준국어대사전"" 기준으로 한 단어임.",Y,N,2018-10-24 14:48:00,2019-01-18 18:19:00
131,530,1,외래어 표기법,본문>제3장>제4절>제1항,2017-03-28 00:00:00,부,용례 수정: 'Quorem 쿠오렘'→ 'Quórum 쿠오룸',Quorem 쿠오렘,Quórum 쿠오룸,‘Quorem’과 ‘쿠오렘’은 각각 ‘Quórum’과 ‘쿠오룸’의 오기이므로 수정함.,Y,N,2018-10-24 14:51:00,2019-01-15 17:56:00
132,405,2,표준어 규정,제2부>제4장>제12항,2017-03-28 00:00:00,부,발음 정보 수정: '닿소[다쏘]' → '닿소[다ː쏘]',"2. ‘ㅎ(ㄶ, ㅀ)’ 뒤에 ‘ㅅ’이 결합되는 경우에는, ‘ㅅ’을 [ㅆ]으로 발음한다. 닿소[다쏘]","2. ‘ㅎ(ㄶ, ㅀ)’ 뒤에 ‘ㅅ’이 결합되는 경우에는, ‘ㅅ’을 [ㅆ]으로 발음한다. 닿소[다ː쏘]","표준 발음법 제12항 '2.'에서, 용례의 발음 정보를 표준 발음에 맞추어 수정함.",Y,N,2018-10-24 14:52:00,2019-01-18 18:21:00
133,532,1,외래어 표기법,본문>제3장>제4절>제2항,2017-03-28 00:00:00,부,용례 표기 수정: 'carreterra'→ 'carretera',carreterra카레테라,carretera카레테라,용례 'carreterra'는 'carretera'의 오기이므로 수정함.,Y,N,2018-10-24 14:55:00,2019-01-15 17:56:00
134,547,1,외래어 표기법,본문>제3장>제5절>제4항,2017-03-28 00:00:00,부,용례 교체: 'mezzo 메초'→ 'Abruzzo 아브루초',mezzo 메초,Abruzzo 아브루초,"mezzo'는 이탈리아어 표기 일반 원칙에 따르면 ‘메초’로 표기해야 하지만,,등에서 관용을 인정하여 ‘메조’로 쓰고 있음. 일반 원칙을 따른 표기인 'Abruzzo(아브루초)'로 용례를 교체함.",Y,N,2018-10-24 14:59:00,2019-01-15 17:57:00
135,667,1,외래어 표기법,본문>제3장>제15절>제5항,2017-03-28 00:00:00,부,용례 수정: 'Esbjerg 에스비에르그'→ 'Esbjerg 에스비에르',Esbjerg에스비에르그,Esbjerg에스비에르,에스비에르그'는 '에스비에르'의 오기이므로 수정함.,Y,N,2018-10-24 15:02:00,2019-01-15 17:57:00
136,617,1,외래어 표기법,본문>제3장>제17절>제1항,2017-03-28 00:00:00,부,띄어쓰기 수정: 'Krungthep 끄룽텝'→ 'Krung Thep 끄룽텝',Krungthep끄룽텝,Krung Thep끄룽텝,"Krungthep'은 ‘방콕’을 달리 이르는 말로, ‘도시’라는 뜻의 ‘Krung’과 ‘천사’라는 뜻의 ‘Thep’이 합쳐진 말인데, 로마자로 적을 때는 ‘Krung Thep’과 같이 띄어 쓰는 것이 일반적이며, 《표준국어대사전》도 이를 따르고 있음. 외래어 표기법 제3장 제17절 제1항 용례를 띄어 쓰는 것으로 수정함.",Y,N,2018-10-24 15:05:00,2019-01-21 11:18:00
137,589,1,외래어 표기법,본문>제3장>제19절>제6항,2017-03-28 00:00:00,부,용례 표기 수정: 'Santarem 산타렝'→ 'Santarém 산타렝',Santarem산타렝,Santarém산타렝,Santarem'은 'Santarém'의 오기이므로 수정함.,Y,N,2018-10-24 15:08:00,2019-01-21 11:17:00
138,408,2,표준어 규정,제2부>제4장>제15항,2017-03-28 00:00:00,부,"발음 정보 수정, 띄어쓰기 수정","제15항 받침 뒤에 모음 ‘ㅏ, ㅓ, ㅗ, ㅜ, ㅟ’들로 시작되는 실질 형태소가 연결되는 경우에는, 대표음으로 바꾸어서 뒤 음절 첫소리로 옮겨 발음한다. 맛없다[마덥다][붙임] 겹받침의 경우에는,그 중하나만을 옮겨 발음한다.","제15항 받침 뒤에 모음 ‘ㅏ, ㅓ, ㅗ, ㅜ, ㅟ’들로 시작되는 실질 형태소가 연결되는 경우에는, 대표음으로 바꾸어서 뒤 음절 첫소리로 옮겨 발음한다. 맛없다[마덥따][붙임] 겹받침의 경우에는,그중하나만을 옮겨 발음한다.","표준 발음법 제15항에서, 용례의 발음 정보를 표준 발음에 맞추어 수정함. 표준 발음법 제15항 붙임에서, 규정문의 띄어쓰기를 수정함.",Y,N,2018-10-24 15:08:00,2019-01-18 18:23:00
139,525,1,외래어 표기법,본문>제3장>제21절>제1항,2017-03-28 00:00:00,부,용례 표기 수정: 'Rostopchinya(Ростопчиня) 로스톱치냐'→ 'Rostopchina(Ростопчина) 로스톱치나',Rostopchinya(Ростопчиня) 로스톱치냐,Rostopchina(Ростопчина) 로스톱치나,기존의 용례 'Rostopchinya(Ростопчиня) 로스톱치냐'는 러시아 인명으로 널리 쓰이는 'Rostopchina(Ростопчина) 로스톱치나'의 오기이므로 수정함.,Y,N,2018-10-24 15:10:00,2019-01-21 10:39:00
140,528,1,외래어 표기법,본문>제3장>제21절>제4항,2017-03-28 00:00:00,부,용례 표기 수정: 'Petrozabodsk'→ 'Petrozavodsk',Petrozabodsk(Петрозаводск) 페트로자보츠크,Petrozavodsk(Петрозаводск) 페트로자보츠크,용례 '페트로자보츠크'의 로마자 표기로 제시된 'Petrozabodsk'는 'Petrozavodsk'의 오기이므로 수정함.,Y,N,2018-10-24 15:12:00,2019-01-18 15:06:00
141,540,1,외래어 표기법,본문>제3장>제21절>제10항,2017-03-28 00:00:00,부,용례 교체: 'Dzerzhinskii(Дзержинский) 제르진스키'→ 'Tetradze(Тетрадзе) 테트라제',Dzerzhinskii(Дзержинский) 제르진스키,Tetradze(Тетрадзе) 테트라제,"기존에 용례로 제시한 ""Dzerzhinskii(Дзержинский) 제르진스키""에서, ‘제르진스키’는 폴란드계 러시아인이어서 러시아어 표기법의 용례로 적절치 않았음. 로마자 변환 표기도에서는 ‘Dzerzhinski’로 적고 있어 명확하지 않았음. 논란의 여지가 없는 ""Tetradze(Тетрадзе) 테트라제""로 용례를 교체함.",Y,N,2018-10-24 15:14:00,2019-01-21 11:17:00
142,410,2,표준어 규정,제2부>제5장>제17항,2017-03-28 00:00:00,부,발음 정보 수정: '미닫이[미다지]' → '미닫이[미ː다지]',"제17항 받침 ‘ㄷ, ㅌ(ㄾ)’이 조사나 접미사의 모음 ‘ㅣ’와 결합되는 경우에는, [ㅈ, ㅊ]으로 바꾸어서 뒤 음절 첫소리로 옮겨 발음한다. 미닫이[미다지]","제17항 받침 ‘ㄷ, ㅌ(ㄾ)’이 조사나 접미사의 모음 ‘ㅣ’와 결합되는 경우에는, [ㅈ, ㅊ]으로 바꾸어서 뒤 음절 첫소리로 옮겨 발음한다. 미닫이[미ː다지]","표준 발음법 제17항에서, 용례의 발음 정보를 표준 발음에 맞추어 수정함.",Y,N,2018-10-24 15:19:00,2019-01-18 18:27:00
143,411,2,표준어 규정,제2부>제5장>제18항,2017-03-28 00:00:00,부,"발음 정보 수정, 용례 삭제","제18항 받침 ‘ㄱ(ㄲ, ㅋ, ㄳ, ㄺ), ㄷ(ㅅ, ㅆ, ㅈ, ㅊ, ㅌ, ㅎ), ㅂ(ㅍ, ㄼ, ㄿ, ㅄ)’은 ‘ㄴ, ㅁ’ 앞에서 [ㅇ, ㄴ, ㅁ]으로 발음한다. 옷맵시[온맵시]값매다[감매다][붙임] 두 단어를 이어서 한 마디로 발음하는 경우에도 이와 같다. 옷 맞추다[온마추다]","제18항 받침 ‘ㄱ(ㄲ, ㅋ, ㄳ, ㄺ), ㄷ(ㅅ, ㅆ, ㅈ, ㅊ, ㅌ, ㅎ), ㅂ(ㅍ, ㄼ, ㄿ, ㅄ)’은 ‘ㄴ, ㅁ’ 앞에서 [ㅇ, ㄴ, ㅁ]으로 발음한다. 옷맵시[온맵씨][붙임] 두 단어를 이어서 한 마디로 발음하는 경우에도 이와 같다. 옷 맞추다[온맏추다]","표준 발음법 제18항에서, 용례의 발음 정보를 표준 발음에 맞추어 수정함. ‘값매다’는 ""표준국어대사전""에 한 단어로 올라 있지 않음. 따라서 한 단어 안에서의 음운 현상에 관한 규정인 제18항의 용례로 적절하지 않았음. 한 단어 안에서 ‘ㅄ’ 뒤에 ‘ㅁ’이 이어지는 예가 없어 다른 용례로 대체가 불가함에 따라, 표준 발음법 제18항에서 용례 '값매다[감매다]'를 삭제함. 표준 발음법 제18항 [붙임]에서, 용례의 발음 정보를 표준 발음에 맞추어 수정함.",Y,N,2018-10-24 15:42:00,2019-01-18 18:28:00
144,412,2,표준어 규정,제2부>제5장>제19항,2017-03-28 00:00:00,부,"발음 정보 수정, 용례 교체","제19항 받침 ‘ㅁ, ㅇ’ 뒤에 연결되는 ‘ㄹ’은 [ㄴ]으로 발음한다. 침략[침냑][붙임] 받침 ‘ㄱ, ㅂ’ 뒤에 연결되는 ‘ㄹ’도 [ㄴ]으로 발음한다.백리[백니→뱅니] 십리[십니→심니]","제19항 받침 ‘ㅁ, ㅇ’ 뒤에 연결되는 ‘ㄹ’은 [ㄴ]으로 발음한다. 침략[침ː냑][붙임] 받침 ‘ㄱ, ㅂ’ 뒤에 연결되는 ‘ㄹ’도 [ㄴ]으로 발음한다.석류[석뉴→성뉴] 법리[법니→범니]","표준 발음법 제19항에서, 용례의 발음 정보를 표준 발음에 맞추어 수정함. 표준 발음법 제19항 [붙임]의 용례들 중에서, '백리[백니→뱅니]'를 '석류[석뉴→성뉴]'로, '십리[십니→심니]'를 '법리[법니→범니]'로 교체함. 해당 규정은 한 단어 안에서의 음운 현상에 관한 것인데, ‘100리, 10리’는 한 단어가 아님. ‘백리’의 경우, ‘북극여우[白狸]’, ‘이질의 하나[白痢]’, ‘잉어[白鯉]’, ‘온갖 근심[百罹]’을 뜻하는 ‘백리’가 있기는 하나 모두 생소한 말들임. 일반인들은 대체로 ‘100리’를 떠올릴 것으로 예상되며, 규정 제정 당시에도 ‘100리’를 염두에 두고 용례가 제시된 것으로 보이는바, 더 적절한 용례(석류, 법리)로 교체함.",Y,N,2018-10-24 16:15:00,2019-01-18 18:29:00
145,422,2,표준어 규정,제2부>제7장>제29항,2017-03-28 00:00:00,부,"용례 교체, 표기 수정","제29항 합성어 및 파생어에서, 앞 단어나 접두사의 끝이 자음이고 뒤 단어나 접미사의 첫음절이 ‘이, 야, 여, 요, 유’인 경우에는, ‘ㄴ’ 음을 첨가하여 [니, 냐, 녀, 뇨, 뉴]로 발음한다.국민-윤리[궁민뉼리]다만, 다음과 같은 단어에서는 ‘ㄴ(ㄹ)’ 음을 첨가하여 발음하지 않는다.등용-문[등용문]","제29항 합성어 및 파생어에서, 앞 단어나 접두사의 끝이 자음이고 뒤 단어나 접미사의 첫음절이 ‘이, 야, 여, 요, 유’인 경우에는, ‘ㄴ’ 음을 첨가하여 [니, 냐, 녀, 뇨, 뉴]로 발음한다.백분-율[백뿐뉼]다만, 다음과 같은 단어에서는 ‘ㄴ(ㄹ)’ 음을 첨가하여 발음하지 않는다.등-용문[등용문]","해당 규정은 한 단어 안에서의 음운 현상에 관한 것인데, 기존의 용례 '국민-윤리'는 ""표준국어대사전"" 기준으로 한 단어가 아님. 다른 용례 표준 발음법 제29항의 용례 '국민-윤리[궁민뉼리]'를 '백분-율[백뿐뉼]'로 교체함. 표준 발음법 제29항은 단어 내부 형태소 경계에서의 ‘ㄴ’ 첨가 현상에 관한 규정이므로, '다만'의 용례 표기 '등용-문[등용문]'을 '등-용문[등용문]'으로 수정함. ※ 등용문(登龍門): 용문(龍門)에 오른다는 뜻으로, 어려운 관문을 통과하여 크게 출세하게 됨. 또는 그 관문을 이르는 말.",Y,N,2018-10-24 16:27:00,2019-01-18 17:54:00
146,449,2,국어의 로마자 표기법,본문>제1장>제1항,2000-07-07 00:00:00,부,조항 수정: 표현 일부 수정(표준 발음→표준 발음법),국어의 로마자 표기는 국어의표준 발음에 따라 적는다.,국어의 로마자 표기는 국어의표준 발음법에 따라 적는 것을 원칙으로 한다.,"국어의 표준 발음에 따라 적는다는 것은 '표준 발음'의 범위와 형태에 있어 기준이 모호하며, 유동적일 수 있기 때문에 이를 표준발음법에 따라 적는다고 명시하여 로마자 표기는 어문 규범 내의 표준발음법에 따른 것임을 명확히 드러내고자 하였음.",Y,N,2018-10-24 16:58:00,
147,922,2,국어의 로마자 표기법,본문>제1장>제3항,2000-07-07 00:00:00,부,"조항 삭제: ""1 음운 1 기호의 표기를 원칙으로 한다.""",제3항 1 음운 1 기호의 표기를 원칙으로 한다.,,1 음운을 1 기호로 표기한다'는 '한국어 1 음운을 로마자 두 글자(digraph)로써 표기하지 않는다' 또는 '한국어 1 음운을 환경에 따라 다르게 표기하지 않는다'와 같이 중의적인 의미로 해석될 수 있어 모호함. 또한 1 음운을 두 글자로써 표기하지 않는 예외가 많아 원칙으로서의 의의가 크지 않았으므로 본 조항을 삭제함.,Y,N,2018-10-24 17:26:00,2018-10-25 09:21:00
148,816,1,외래어 표기법,본문>제4장>제3절>제5항,2017-03-28 00:00:00,부,조항 삭제,"해', '섬', '강', '산' 등이 외래어에 붙을 때에는 띄어 쓰고, 우리말에 붙을 때에는 붙여 쓴다.",,"접미사 ‘-해, -어, -인, -족’ 및 명사 ‘섬, 강, 산, 산맥, 고원, 평야…’는 어종에 따라 띄어쓰기가 달라져서 어문생활에 혼란이 많고 개정 요구가 높았음. 어종에 따라 일부 접미사 및 명사를 띄어 쓰도록 한 규정을 개선함으로써 띄어쓰기를 간소화하는 방안을 검토함. 어종에 따라 띄어쓰기를 구분하는 것은 논리적으로 타당하지 않으며, 접미사를 띄어 쓰는 예외를 인정할 수 없고 국어의 띄어쓰기는 한글 맞춤법의 규정을 따르는 것이 타당하다는 결론을 내림. ""'해', '섬', '강', '산' 등이 외래어에 붙을 때에는 띄어 쓰고, 우리말에 붙을 때에는 붙여 쓴다.""는 규정을 삭제함. ※ '해', '섬', '강', '산' 등의 띄어쓰기에 관한 종전의 규정을 삭제함에 따라, 문화체육관광부 고시 제2014-43호(2014.12.5.) 제5항에 있던 내용을 제4항으로 올리고 제5항은 삭제함.",Y,N,2018-10-24 17:44:00,2019-01-21 11:16:00
149,512,1,외래어 표기법,본문>제4장>제3절>제1항,2017-03-28 00:00:00,부,용례 띄어쓰기 수정,"바다는 ‘해(海)’로 통일한다.발트 해, 아라비아 해","바다는 ‘해(海)’로 통일한다.발트해, 아라비아해","관련 용례의 띄어쓰기를 수정함.[""발트 해 → 발트해"", ""아라비아 해 → 아라비아 해""] ※ '해', '섬', '강', '산' 등의 띄어쓰기에 관한 종전의 규정을 삭제함에 따라, 문화체육관광부 고시 제2014-43호(2014.12.5.) 제2항에 있던 내용을 제1항으로 올림.",Y,N,2018-10-24 18:36:00,2019-01-21 11:12:00
150,516,1,외래어 표기법,본문>제4장>제3절>제2항,2017-03-28 00:00:00,부,규정문과 용례의 띄어쓰기 수정,"우리 나라를 제외하고 섬은 모두 ‘섬’으로 통일한다.타이완 섬, 코르시카 섬(우리 나라: 제주도, 울릉도)","우리나라를 제외하고 섬은 모두 ‘섬’으로 통일한다.타이완섬, 코르시카섬(우리나라: 제주도, 울릉도)","관련 용례의 띄어쓰기를 수정함.[""타이완 섬 → 타이완섬"", ""코르시카 섬 → 코르시카섬""] 규정문에 나오는 ""우리 나라""는기준으로 한 단어이므로, ""우리나라""로 붙여 쓰는 것으로 수정함. ※ '해', '섬', '강', '산' 등의 띄어쓰기에 관한 종전의 규정을 삭제함에 따라, 문화체육관광부 고시 제2014-43호(2014.12.5.) 제3항에 있던 내용을 제2항으로 올림.",Y,N,2018-10-24 18:54:00,2019-01-21 11:12:00
151,518,1,외래어 표기법,본문>제4장>제3절>제3항,2017-03-28 00:00:00,부,용례 띄어쓰기 수정,"한자 사용 지역(일본, 중국)의 지명이 하나의 한자로 되어 있을 경우, ‘강’, ‘산’, ‘호’, ‘섬’ 등은 겹쳐 적는다.온타케 산(御岳),주장 강(珠江),도시마 섬(利島),하야카와 강(早川),위산 산(玉山)","한자 사용 지역(일본, 중국)의 지명이 하나의 한자로 되어 있을 경우, ‘강’, ‘산’, ‘호’, ‘섬’ 등은 겹쳐 적는다.온타케산(御岳),주장강(珠江),도시마섬(利島),하야카와강(早川),위산산(玉山)","관련 용례의 띄어쓰기를 수정함.[""온타케 산 → 온타케산"", ""주장 강 → 주장강"", ""도시마 섬 → 도시마섬"", ""하야카와 강 → 하야카와강"", ""위산 산 → 위산산""] ※ '해', '섬', '강', '산' 등의 띄어쓰기에 관한 종전의 규정을 삭제함에 따라, 문화체육관광부 고시 제2014-43호(2014.12.5.) 제4항에 있던 내용을 제3항으로 올림.",Y,N,2018-10-24 19:00:00,2019-01-21 11:11:00
152,519,1,외래어 표기법,본문>제4장>제3절>제4항,2017-03-28 00:00:00,부,용례 띄어쓰기 수정,"지명이 산맥, 산, 강 등의 뜻이 들어 있는 것은 ‘산맥’, ‘산’, ‘강’ 등을 겹쳐 적는다. Rio Grande리오그란데 강Monte Rosa몬테로사 산Mont Blanc몽블랑 산Sierra Madre시에라마드레 산맥","지명이 산맥, 산, 강 등의 뜻이 들어 있는 것은 ‘산맥’, ‘산’, ‘강’ 등을 겹쳐 적는다. Rio Grande리오그란데강Monte Rosa몬테로사산Mont Blanc몽블랑산Sierra Madre시에라마드레산맥","관련 용례의 띄어쓰기를 수정함.[""리오그란데 강 → 리오그란데강"", ""몬테로사 산 → 몬테로사산"", ""몽블랑 산 → 몽블랑산"", ""시에라마드레 산맥 → 시에라마드레산맥""] ※ '해', '섬', '강', '산' 등의 띄어쓰기에 관한 종전의 규정을 삭제함에 따라, 문화체육관광부 고시 제2014-43호(2014.12.5.) 제5항에 있던 내용을 제4항으로 올림.",Y,N,2018-10-24 19:03:00,2019-01-21 11:10:00
153,456,2,국어의 로마자 표기법,본문>제2장>제1항,2000-07-07 00:00:00,부,"'ㅓ, ㅡ, ㅕ, ㅢ'의 표기 변경, 'ㅟ' 위치 이동(중모음→단모음), 이중 모음 제시 순서 조정, [붙임 1] 추가",1. 단모음 ㅏㅓㅗ ㅜㅡㅣ ㅐ ㅔ ㅚ aŏo uŭi ae e oe 2. 중모음 ㅑㅕㅛ ㅠ ㅒ ㅖㅢㅘ ㅝ ㅙ ㅞㅟyayŏyo yu yae yeŭiwa wo wae wewi[붙임] 장모음의 표기는 따로 하지 않는다.,1. 단모음 ㅏㅓㅗ ㅜㅡㅣ ㅐ ㅔ ㅚㅟaeoo ueui ae e oewi2. 이중 모음 ㅑㅕㅛ ㅠ ㅒ ㅖ ㅘ ㅙ ㅝ ㅞㅢyayeoyo yu yae ye wa wae wo weui[붙임 1] 'ㅢ'는 'ㅣ'로 소리 나더라도 ui로 적는다.(보기) 광희문 Gwanghuimun[붙임 2] 장모음의 표기는 따로 하지 않는다.,"ㅓ, ㅡ, ㅕ, ㅢ'의 표기를 ""ŏ, ŭ, yŏ, ŭi""에서 특수 부호가 없는 'eo, eu, yeo, ui'로 변경함으로써 컴퓨터 작업 시 효율성을 높이고, 내국인과 외국인의 사용 시 불편이 없도록 함. 이중 모음 'ㅢ'의 위치를 변경함 : 'ㅑ ㅕ ㅛ ㅠ ㅒ ㅖ ㅢ ㅘ ㅝ ㅙ ㅞ ㅟ' → 'ㅑ ㅕ ㅛ ㅠ ㅒ ㅖ ㅘ ㅙ ㅝ ㅞ ㅢ' [붙임 1]을 추가함.",Y,N,2018-10-25 10:06:00,2018-11-07 14:20:00
154,459,2,국어의 로마자 표기법,본문>제2장>제2항,2000-07-07 00:00:00,부,"조항 수정: 'ㄱ, ㅋ, ㄷ, ㅌ, ㅂ, ㅍ, ㅈ, ㅉ, ㅊ, ㅅ'의 표기 수정, [붙임] 수정","1. 파열음ㄱ ㅋ ㄷ ㅌ ㅂ ㅍk, g k’ t, d t’ p, b p’2. 파찰음ㅈ ㅉ ㅊch, j tch ch’3. 마찰음ㅅs, sh[붙임 1] ‘ㄱ, ㄷ, ㅂ, ㅈ’이 모음과 모음 사이, 또는 ‘ㄴ, ㄹ, ㅁ, ㅇ’과 모음 사이에서 유성음으로 소리날 때에는 각각 ‘g, d, b, j’로 적고, 이 밖에는 각각 ‘k, t, p, ch’로 적는다.가구 kagu 바둑 paduk갈비 kalbi 제주 Cheju담배 tambae 받침 patch’im[붙임 2] ‘ㅅ’은 ‘시’의 경우에 ‘sh’로, 그 밖에는 ‘s’로 적는다.시루 shiru 신안 Shinan신촌 Shinch’on 부산 Pusan상표 sangp’yo 황소 hwangso[붙임 3] ‘ㄹ’은 모음 앞에서는 ‘r’로 적고, 자음 앞이나 낱말의 끝에서는 ‘l’로, ‘ㄹㄹ’은 ‘ll’로 적는다.사랑 sarang 물건 mulgŏn발 pal 진달래 chindallae","1. 파열음ㄱ ㅋ ㄷ ㅌ ㅂ ㅍg, k k d, t t b, p p2. 파찰음ㅈ ㅉ ㅊj jj ch3. 마찰음ㅅs[붙임 1] ‘ㄱ, ㄷ, ㅂ’은 모음 앞에서는 ‘ｇ, ｄ, ｂ’로, 자음 앞이나 어말에서는 ‘ｋ, ｔ, p’로 적는다.([ ] 안의 발음에 따라 표기함.)구미 Gumi 영동 Yeongdong백암 Baegam 옥천 Okcheon합덕 Hapdeok 호법 Hobeop월곶[월곧] Wolgot 벚꽃[벋꼳] beotkkot한밭[한받] Hanbat[붙임 2] ‘ㄹ’은 모음 앞에서는 ‘ｒ’로, 자음 앞이나 어말에서는 ‘ｌ’로 적는다. 단, ‘ㄹㄹ’은 ‘ll’로 적는다.구리 Guri 설악 Seorak칠곡 Chilgok 임실 Imsil울릉 Ulleung 대관령[대괄령] Daegwallyeong","ㄱ, ㄷ, ㅂ, ㅈ'의 표기: 어두에 오는 ‘ㄱ, ㄷ, ㅂ, ㅈ'의 표기를 무성음일 때는 ‘k, t, p, ch’로, 유성음일 때는 ‘g, d, b, j’로 나누어 표기하는 것은 유,무성의 차이를 느끼지 못하는 한국인들에게 너무 어려워 표기법이 지켜지지 않는 사유가 되었음. 또한 외국인이 발음하는 ‘k, t, p, ch’가 한국인에게는 ‘ㅋ, ㅌ, ㅍ, ㅊ’으로 들려서, 의사소통에도 문제가 있었음. 유,무성에 관계없이 모음 앞에서는 ‘g, d, b, j’로 표기하면 표기법이 간결해지며, 외국인의 발음이 한국인들에게 ‘ㄱ, ㄷ, ㅂ, ㅈ'로 인식되므로 소통도 수월해질 수 있음. 'ㅋ, ㅌ, ㅍ, ㅊ'의 표기를 ‘k', t', p', ch'’에서 ‘k, t, p, ch’로 변경함.(어두에 오는 ‘ㄱ, ㄷ, ㅂ, ㅈ'을 'g, d, b, j'로 표기함으로써, 'ㅋ, ㅌ, ㅍ, ㅊ'도 어깻점(’)을 쓰지 않고 표기할 수 있게 됨.) 'ㅅ'의 표기: '이' 앞에서 'sh', 그 밖의 경우는 's'로 하던 것을 's'로 통일하여 표기의 간결성과 체계성을 살림. ‘ㅉ'의 표기: 'tch'에서 'jj'로 변경함.(한 음소를 세 글자로 나타내기보다 두 글자로 하는 것이 경제적이며, 'ㅈ'과의 연관성도 보여 줄 수 있음.)",Y,N,2018-10-25 10:16:00,2018-12-17 15:10:00
155,463,2,국어의 로마자 표기법,본문>제3장>제1항,2000-07-07 00:00:00,부,"조항 수정: 내용 추가, 표현 일부 수정, 용례 수정","제1항음운변화가 일어날 때는 변화의 결과에 따라 다음과 같이 적는다.1. 자음 사이에서 동화작용이 일어나는 경우냇물 naenmul 부엌문 puŏngmun낚는다 nangnŭnda 닫는다 tannŭnda갚는다 kamnŭnda 진리 chilli심리 shimni 압력 amnyŏk독립 tongnip2. ‘ㄴ, ㄹ’이 덧나는 경우가랑잎 karangnip 낮일 nannil담요 tamnyo 홑이불 honnibul풀잎 p̓ullip 물약 mullyak3. 구개음화가 되는 경우굳이 kuji해돋이 haedoji같이 kach’i4. ‘ㄱ, ㄷ, ㅂ, ㅈ’이 ‘ㅎ’과 어울려 나는 경우국화 kuk’wa 낳다 nat’a밟히다 palp’ida 맞히다 mach̓ida[붙임] 형태소가 결합할 때 나타나는 된소리는 따로 표기하지 않는다.장기(長技) changki 사건 sakŏn냇가 naetka 작두 chaktu신다 shinta 산불 sanpul","제1항음운 변화가 일어날 때에는 변화의 결과에 따라 다음 각호와 같이 적는다.1. 자음 사이에서 동화 작용이 일어나는 경우백마[뱅마] Baengma 신문로[신문노] Sinmunno종로[종노] Jongno 왕십리[왕심니] Wangsimni별내[별래] Byeollae 신라[실라] Silla2. ‘ㄴ, ㄹ’이 덧나는 경우학여울[항녀울] Hangnyeoul 알약[알략] allyak3. 구개음화가 되는 경우 해돋이[해도지] haedoji같이[가치] gachi맞히다[마치다] machida4. ‘ㄱ, ㄷ, ㅂ, ㅈ’이 ‘ㅎ’과 합하여 거센소리로 소리나는 경우좋고[조코] joko 놓다[노타] nota잡혀[자펴] japyeo 낳지[나치] nachi다만, 체언에서 ‘ㄱ, ㄷ, ㅂ’ 뒤에 ‘ㅎ’이 따를 때에는 ‘ㅎ’을 밝혀 적는다.묵호(Mukho) 집현전(Jiphyeonjeon)[붙임] 된소리되기는 표기에 반영하지 않는다.압구정 Apgujeong 낙동강 Nakdonggang죽변 Jukbyeon 낙성대 Nakseongdae합정 Hapjeong 팔당 Paldang샛별 saetbyeol 울산 Ulsan","4.'에 [다만]을 추가하여, 체언의 거센소리되기(격음화)는 표기에 반영하지 않음을 명시함. 소리대로 적을 경우 'ㅎ'이 사라진 이유를 이해하기 어려우므로, 글자를 살려 적기로 한 것임.",Y,N,2018-10-25 10:58:00,2018-12-17 17:58:00
156,465,2,국어의 로마자 표기법,본문>제3장>제2항,2000-07-07 00:00:00,부,"조항 수정: 표현 수정, 용례 수정, [붙임] 삭제","제2항발음상 혼동의 우려가 있을 때나, 기타 분절의 필요가 있을 때는 '-'(붙임표)를 써서 따로 적는다.장이 chang-i 잔기(殘期) chan-gi물가에 mulka-e 종로에 Chongno-e[붙임] 인명과 행정 구역 단위명 표기에서 '-'(붙임표) 앞뒤에서 일어나는 동화작용은 표기에 반영하지 않는다.김복남 Kim Pok-nam 사북면 Sabuk-myŏn",제2항발음상 혼동의 우려가 있을 때에는 음절 사이에 붙임표(-)를 쓸 수 있다.중앙 Jung-ang 반구대 Ban-gudae세운 Se-un 해운대 Hae-undae,"표현 수정: ""발음상 혼동의 우려가 있을 때나, 기타 분절의 필요가 있을 때는 붙임표(-)를 써서 따로 적는다."" → ""발음상 혼동의 우려가 있을 때에는 음절 사이에 붙임표(-)를 쓸 수 있다."" [붙임] 삭제: 제3장 제4항 및 제3장 제5항으로 옮겨 기술함.",Y,N,2018-10-25 11:00:00,2019-01-22 14:28:00
157,469,2,국어의 로마자 표기법,본문>제3장>제3항,2000-07-07 00:00:00,부,"조항 수정: 표현 일부 수정, 용례 수정",제3항고유명사는 첫소리를 대문자로 적는다.인천 Inch’ŏn 대구 Taegu세종 Sejong,제3항고유 명사는 첫 글자를 대문자로 적는다.부산 Busan세종 Sejong,"""고유 명사는 첫소리를 대문자로 적는다."" → ""고유 명사는 첫 글자를 대문자로 적는다.""",Y,N,2018-10-25 11:02:00,2018-11-07 17:27:00
158,474,2,국어의 로마자 표기법,본문>제3장>제4항,2000-07-07 00:00:00,부,"조항 수정: 인명에서 음절 사이에 쓰는 붙임표의 용법 일부 수정, 표현 수정, 내용 보충","제4항인명은 성과 이름의 순서로 쓰되 띄어 쓰고, 이름 사이에는 '-'(짧은줄표)를 넣는다. 다만, 한자식의 이름이 아닌 경우에는 '-'를 생략할 수 있다.김 정호 Kim Chŏng-ho남궁 동자 Namgung Tong-cha손 미희자 Son Mi-hŭi-cha정 마리아 Chŏng Maria한 하나 Han Hana",제4항인명은 성과 이름의 순서로 띄어 쓴다. 이름은 붙여 쓰는 것을 원칙으로 하되 음절 사이에 붙임표(-)를 쓰는 것을 허용한다.( ( ) 안의 표기를 허용함.)민용하 Min Yongha (Min Yong-ha)송나리 Song Nari (Song Na-ri)1. 이름에서 일어나는 음운 변화는 표기에 반영하지 않는다.한복남 Han Boknam(Han Bok-nam)홍빛나 Hong Bitna(Hong Bit-na)2. 성의 표기는 따로 정한다.,"""인명은 성과 이름의 순서로 쓰되 띄어 쓰고, 이름 사이에는 붙임표를 넣는다. 다만, 한자식의 이름이 아닌 경우에는 붙임표를 생략할 수 있다."" → ""인명은 성과 이름의 순서로 띄어 쓴다. 이름은 붙여 쓰는 것을 원칙으로 하되 음절 사이에 붙임표(-)를 쓰는 것을 허용한다."" 이름에서 일어나는 음운 변화는 표기에 반영하지 않음을 명시함. 성의 표기는 따로 정하기로 함.(일부 성씨의 경우, 표기법에 따른 표기는 사용될 가능성이 희박하므로 관습적 표기를 인정하고자 함.)",Y,N,2018-10-25 11:04:00,2018-11-13 15:10:00
159,478,2,국어의 로마자 표기법,본문>제3장>제5항,2000-07-07 00:00:00,부,"조항 수정: 표현 수정, 용례 수정","제5항제2항 붙임의 규정에도 불구하고 ‘도, 시, 군, 구, 읍, 면, 리, 동’의 행정구역 단위와 ‘가’는 각각 ‘do, shi, gun, gu, ŭp, myŏn, ri, dong, ga’로 적고, 그 앞에는 '-'(짧은줄표)를 넣는다.충청북도 Ch’ungch’ŏngbuk-do제주도 Cheju-do의정부시 Ŭijŏngbu-shi파주군 P’aju-gun도봉구 Tobong-gu신창읍 Shinch’ang-ŭp주내면 Chunae-myŏn인왕리 Inwang-ri당산동 Tangsan-dong봉천 2동 Pongch’ŏn 2-dong종로 2가 Chongno 2-ga퇴계로 5가 T’oegyero 5-ga[붙임] 특별시, 직할시, 시, 군, 읍 등의 행정구역 단위명은 생략할 수 있다.부산직할시 Pusan 신창읍 Shinch’ang","제5항‘도, 시, 군, 구, 읍, 면, 리, 동’의 행정 구역 단위와 ‘가’는 각각 ‘do, si, gun, gu, eup, myeon, ri, dong, ga’로 적고, 그 앞에는 붙임표(-)를 넣는다. 붙임표(-) 앞뒤에서 일어나는 음운 변화는 표기에 반영하지 않는다.충청북도 Chungcheongbuk-do제주도 Jeju-do의정부시 Uijeongbu-si양주군 Yangju-gun도봉구 Dobong-gu신창읍 Sinchang-eup삼죽면 Samjuk-myeon인왕리 Inwang-ri당산동 Dangsan-dong봉천 1동 Bongcheon 1(il)-dong종로 2가 Jongno 2(i)-ga퇴계로 3가 Toegyero 3(sam)-ga[붙임] ‘시, 군, 읍’의 행정 구역 단위는 생략할 수 있다.청주시 Cheongju 함평군 Hampyeong순창읍 Sunchang","""제2항의 붙임의 규정에도 불구하고 '도, 시, 군, 구, 읍, 면, 리, 동'의 행정 구역 단위와 '가'는 각각 'do, shi, gun, gu, ŭp, myŏn, ri, dong, ga'로 적고, 그 앞에는 붙임표를 넣는다."" → ""‘도, 시, 군, 구, 읍, 면, 리, 동’의 행정 구역 단위와 ‘가’는 각각 ‘do, si, gun, gu, eup, myeon, ri, dong, ga’로 적고, 그 앞에는 붙임표(-)를 넣는다. 붙임표(-) 앞뒤에서 일어나는 음운 변화는 표기에 반영하지 않는다."" ""[붙임] 특별시, 직할시, 시, 군, 읍 등의 행정 구역 단위명은 생략할 수 있다."" → ""[붙임] ‘시, 군, 읍’의 행정 구역 단위는 생략할 수 있다.""",Y,N,2018-10-25 11:06:00,2019-01-18 15:19:00
160,483,2,국어의 로마자 표기법,본문>제3장>제6항,2000-07-07 00:00:00,부,"표현 일부 수정, 용례 수정, [붙임] 삭제","제6항자연지물명, 문화재명, 인공축조물명은 '-' 없이 붙여쓴다.남산 Namsan 속리산 Songnisan금강 Kŭmgang 독도 Tokto해운대 Haeundae 경복궁 Kyŏngbokkung도산 서원 Tosansŏwon 불국사 Pulguksa현충사 Hyŏnch’ungsa 독립문 Tongnimmun오죽헌 Ojuk’ŏn 촉석루 Ch’oksŏngnu종묘 Chongmyo 다보탑 Tabot’ap무량수전 Muryangsujŏn 연화교 Yŏnhwagyo극락전 Kŭngnakchŏn 석굴암 Sŏkkuram안압지 Anapchi 남한산성 Namhansansŏng[붙임] 5 음절 이상일 경우에는 낱말 사이에 '-'를 쓸 수 있다.금동 미륵보살 반가상 Kŭmdong-mirŭkposal-pangasang","제6항자연 지물명, 문화재명, 인공 축조물명은 붙임표(-) 없이 붙여 쓴다.남산 Namsan 속리산 Songnisan금강 Geumgang 독도 Dokdo경복궁 Gyeongbokgung 무량수전 Muryangsujeon연화교 Yeonhwagyo 극락전 Geungnakjeon안압지 Anapji 남한산성 Namhansanseong화랑대 Hwarangdae 불국사 Bulguksa현충사 Hyeonchungsa 독립문 Dongnimmun오죽헌 Ojukheon 촉석루 Chokseongnu종묘 Jongmyo 다보탑 Dabotap","""자연 지물명, 문화재명, 인공 축조물명은 '-' 없이 붙여 쓴다."" → ""자연 지물명, 문화재명, 인공 축조물명은 붙임표(-) 없이 붙여 쓴다."" 용례 수정[금강(Kŭmgang→Geumgang), 독도(Tokto→Dokdo), 경복궁(Kyŏngbokkung→Gyeongbokgung), 무량수전(Muryangsujŏn→Muryangsujeon), 연화교(Yŏnhwagyo→Yeonhwagyo), 극락전(Kŭngnakchŏn→Geungnakjeon), 안압지(Anapchi→Anapji), 남한산성(Namhansansŏng→Namhansanseong), 불국사(Pulguksa→Bulguksa), 현충사(Hyŏnch’ungsa→Hyeonchungsa), 독립문(Tongnimmun→Dongnimmun), 오죽헌(Ojuk’ŏn→Ojukheon), 촉석루(Ch’oksŏngnu→Chokseongnu), 종묘(Chongmyo→Jongmyo), 다보탑(Tabot’ap→Dabotap)], 용례 삭제[해운대(Haeundae), 도산서원(Tosansŏwon), 석굴암(Sŏkkuram)], 용례 추가[화랑대(Hwarangdae)] [붙임] 삭제: ""5음절 이상일 경우에는 낱말 사이에 '-'를 쓸 수 있다.(금동 미륵보살 반가상 Kŭmdong-mirŭkposal-pan-gasang)""",Y,N,2018-10-25 11:09:00,2019-01-18 15:20:00
161,486,2,국어의 로마자 표기법,본문>제3장>제7항,2000-07-07 00:00:00,부,"표현 수정, 용례 삭제",제7항고유명사의 표기는 국제 관계 및 종래의 관습적 표기를 고려해서 갑자기 변경할 수 없는 것에 한하여 다음과 같이 적는 것을 허용한다.서울 Seoul 이순신 Yi Sun-shin이승만 Syngman Rhee 연세 Yonsei이화 Ewha,"제7항인명, 회사명, 단체명 등은 그동안 써 온 표기를 쓸 수 있다.","""고유명사의 표기는 국제 관계 및 종래의 관습적 표기를 고려해서 갑자기 변경할 수 없는 것에 한하여 다음과 같이 적는 것을 허용한다."" → ""인명, 회사명, 단체명 등은 그동안 써 온 표기를 쓸 수 있다.""",Y,N,2018-10-25 11:11:00,2018-10-29 16:48:00
162,489,2,국어의 로마자 표기법,본문>제3장>제8항,2000-07-07 00:00:00,부,기존 규정 삭제 및 조항 신설,"제8항인쇄나 타자의 어려움이 있을 때에는 의미의 혼동을 초래하지 않을 경우, ŏ, ŭ, yŏ, ŭi 등의 '˘'(반달표)와 k’, t’, p’, ch’들의 ' ’ '(어깨점)을 생략할 수 있다.","제8항학술 연구 논문 등 특수 분야에서 한글 복원을 전제로 표기할 경우에는 한글 표기를 대상으로 적는다. 이 때 글자 대응은 제2장을 따르되 ‘ㄱ, ㄷ, ㅂ, ㄹ’은 ‘g, d, b, l’로만 적는다. 음가 없는 ‘ㅇ’은 붙임표(-)로 표기하되 어두에서는 생략하는 것을 원칙으로 한다. 기타 분절의 필요가 있을 때에도 붙임표(-)를 쓴다.집 jib 짚 jip밖 bakk 값 gabs붓꽃 buskkoch 먹는 meogneun독립 doglib 문리 munli물엿 mul-yeos 굳이 gud-i좋다 johda 가곡 gagog조랑말 jolangmal 없었습니다 eobs-eoss-seubnida",학술적 용도에서 한글 복원을 전제로 할 경우에는 한글 맞춤법에 따른 글자를 그대로 로마자로 옮기도록 함.(표준 발음에 따라 로마자 표기를 할 수 없고 글자대로 표기해야 할 경우의 표기 기준을 명시함.),Y,N,2018-10-25 11:13:00,2018-11-08 09:33:00
163,463,1,국어의 로마자 표기법,본문>제3장>제1항,2014-12-05 00:00:00,부,용례 교체: '맞히다[마치다] machida' → '굳히다[구치다] guchida',3. 구개음화가 되는 경우 해돋이[해도지] haedoji 같이[가치] gachi맞히다[마치다] machida,3. 구개음화가 되는 경우 해돋이[해도지] haedoji 같이[가치] gachi굳히다[구치다] guchida,"맞히다'가 [마치다]로 소리 나는 현상은 구개음화로 보기 어려우므로, '3. 구개음화가 되는 경우'의 예로 적절하지 않음. 다른 용례 '굳히다'로 교체함.",Y,N,2018-10-25 11:15:00,2018-11-08 10:50:00
164,643,1,외래어 표기법,본문>제3장>제14절>제3항,2017-03-28 00:00:00,부,띄어쓰기 수정: '노르웨이 어'→ '노르웨이어',노르웨이 어의 표기 ※ 모음의 장단에 대해서는노르웨이 어의 발음을 보여 주는 사전을 참조하여야 한다.,노르웨이어의 표기 ※ 모음의 장단에 대해서는노르웨이어의 발음을 보여 주는 사전을 참조하여야 한다.,"해', '섬', '강', '산' 등의 띄어쓰기에 관한 종전의 규정 때문에 접미사 '-어(語)' 또한 외래어 뒤에서는 띄어 쓰는 것을 원칙으로 하고 있었음. 접미사를 띄어 쓰는 예외를 인정할 수 없고 국어의 띄어쓰기는 한글 맞춤법의 규정을 따르는 것이 타당하므로 관련 규정(제4장 제3절 제1항)을 삭제하였으며, 접미사 ‘-어(語), -인(人), -족(族), -해(海)’ 및 명사 ‘섬, 강, 산, 산맥, 고원, 평야…’ 등을 외래어 뒤에서도 붙여 쓴다는 취지로을 수정함. 외래어 표기법의 규정문에 쓰인 '-어(語)'로 끝나는 말들의 띄어쓰기도 함께 수정함.",Y,N,2018-10-29 09:26:00,2019-01-21 11:09:00
165,669,1,외래어 표기법,본문>제3장>제15절>제7항,2017-03-28 00:00:00,부,띄어쓰기 수정: '덴마크 어'→ '덴마크어',덴마크 어의 표기 ※ 묵음과 모음의 장단에 대해서는덴마크 어의 발음을 보여 주는 사전을 참조하여야 한다.,덴마크어의 표기 ※ 묵음과 모음의 장단에 대해서는덴마크어의 발음을 보여 주는 사전을 참조하여야 한다.,"해', '섬', '강', '산' 등의 띄어쓰기에 관한 종전의 규정 때문에 접미사 '-어(語)' 또한 외래어 뒤에서는 띄어 쓰는 것을 원칙으로 하고 있었음. 접미사를 띄어 쓰는 예외를 인정할 수 없고 국어의 띄어쓰기는 한글 맞춤법의 규정을 따르는 것이 타당하므로 관련 규정(제4장 제3절 제1항)을 삭제하였으며, 접미사 ‘-어(語), -인(人), -족(族), -해(海)’ 및 명사 ‘섬, 강, 산, 산맥, 고원, 평야…’ 등을 외래어 뒤에서도 붙여 쓴다는 취지로을 수정함. 외래어 표기법의 규정문에 쓰인 '-어(語)'로 끝나는 말들의 띄어쓰기도 함께 수정함.",Y,Y,2018-10-29 09:35:00,
166,637,1,외래어 표기법,본문>제3장>제16절>제3항,2017-03-28 00:00:00,부,띄어쓰기 수정: '인도네시아 어'→ '인도네시아어',"인도네시아 어인도네시아 어의 구철자 dj와 tj는 신철자 j, c와 마찬가지로 적는다.","인도네시아어인도네시아어의 구철자 dj와 tj는 신철자 j, c와 마찬가지로 적는다.","해', '섬', '강', '산' 등의 띄어쓰기에 관한 종전의 규정 때문에 접미사 '-어(語)' 또한 외래어 뒤에서는 띄어 쓰는 것을 원칙으로 하고 있었음. 접미사를 띄어 쓰는 예외를 인정할 수 없고 국어의 띄어쓰기는 한글 맞춤법의 규정을 따르는 것이 타당하므로 관련 규정(제4장 제3절 제1항)을 삭제하였으며, 접미사 ‘-어(語), -인(人), -족(族), -해(海)’ 및 명사 ‘섬, 강, 산, 산맥, 고원, 평야…’ 등을 외래어 뒤에서도 붙여 쓴다는 취지로을 수정함. 외래어 표기법의 규정문에 쓰인 '-어(語)'로 끝나는 말들의 띄어쓰기도 함께 수정함.",Y,N,2018-10-29 09:38:00,2019-01-21 11:09:00
167,639,1,외래어 표기법,본문>제3장>제16절>제4항,2017-03-28 00:00:00,부,띄어쓰기 수정: '인도네시아 어'→ '인도네시아어',"인도네시아 어의 구철자 j와 sj는 신철자 y, sy와 마찬가지로 적는다.","인도네시아 어의 구철자 j와 sj는 신철자 y, sy와 마찬가지로 적는다.","해', '섬', '강', '산' 등의 띄어쓰기에 관한 종전의 규정 때문에 접미사 '-어(語)' 또한 외래어 뒤에서는 띄어 쓰는 것을 원칙으로 하고 있었음. 접미사를 띄어 쓰는 예외를 인정할 수 없고 국어의 띄어쓰기는 한글 맞춤법의 규정을 따르는 것이 타당하므로 관련 규정(제4장 제3절 제1항)을 삭제하였으며, 접미사 ‘-어(語), -인(人), -족(族), -해(海)’ 및 명사 ‘섬, 강, 산, 산맥, 고원, 평야…’ 등을 외래어 뒤에서도 붙여 쓴다는 취지로을 수정함. 외래어 표기법의 규정문에 쓰인 '-어(語)'로 끝나는 말들의 띄어쓰기도 함께 수정함.",Y,N,2018-10-29 09:41:00,2019-01-21 11:08:00
168,641,1,외래어 표기법,본문>제3장>제16절>제5항,2017-03-28 00:00:00,부,띄어쓰기 수정: '인도네시아 어'→ '인도네시아어',"인도네시아 어의 구철자 bh와 dh는 신철자 b, d와 마찬가지로 적는다.","인도네시아어의 구철자 bh와 dh는 신철자 b, d와 마찬가지로 적는다.","해', '섬', '강', '산' 등의 띄어쓰기에 관한 종전의 규정 때문에 접미사 '-어(語)' 또한 외래어 뒤에서는 띄어 쓰는 것을 원칙으로 하고 있었음. 접미사를 띄어 쓰는 예외를 인정할 수 없고 국어의 띄어쓰기는 한글 맞춤법의 규정을 따르는 것이 타당하므로 관련 규정(제4장 제3절 제1항)을 삭제하였으며, 접미사 ‘-어(語), -인(人), -족(族), -해(海)’ 및 명사 ‘섬, 강, 산, 산맥, 고원, 평야…’ 등을 외래어 뒤에서도 붙여 쓴다는 취지로을 수정함. 외래어 표기법의 규정문에 쓰인 '-어(語)'로 끝나는 말들의 띄어쓰기도 함께 수정함.",Y,N,2018-10-29 09:43:00,2019-01-21 10:50:00
169,642,1,외래어 표기법,본문>제3장>제16절>제6항,2017-03-28 00:00:00,부,띄어쓰기 수정: '인도네시아 어'→ '인도네시아어',인도네시아 어의 구철자 ch는 신철자 kh와 마찬가지로 적는다.,인도네시아어의 구철자 ch는 신철자 kh와 마찬가지로 적는다.,"해', '섬', '강', '산' 등의 띄어쓰기에 관한 종전의 규정 때문에 접미사 '-어(語)' 또한 외래어 뒤에서는 띄어 쓰는 것을 원칙으로 하고 있었음. 접미사를 띄어 쓰는 예외를 인정할 수 없고 국어의 띄어쓰기는 한글 맞춤법의 규정을 따르는 것이 타당하므로 관련 규정(제4장 제3절 제1항)을 삭제하였으며, 접미사 ‘-어(語), -인(人), -족(族), -해(海)’ 및 명사 ‘섬, 강, 산, 산맥, 고원, 평야…’ 등을 외래어 뒤에서도 붙여 쓴다는 취지로을 수정함. 외래어 표기법의 규정문에 쓰인 '-어(語)'로 끝나는 말들의 띄어쓰기도 함께 수정함.",Y,N,2018-10-29 09:45:00,2019-01-21 10:49:00
170,644,1,외래어 표기법,본문>제3장>제16절>제7항,2017-03-28 00:00:00,부,띄어쓰기 수정: '말레이시아 어'→ '말레이시아어',말레이시아 어의 구철자 ch는 신철자 c와 마찬가지로 적는다.,말레이시아어의 구철자 ch는 신철자 c와 마찬가지로 적는다.,"해', '섬', '강', '산' 등의 띄어쓰기에 관한 종전의 규정 때문에 접미사 '-어(語)' 또한 외래어 뒤에서는 띄어 쓰는 것을 원칙으로 하고 있었음. 접미사를 띄어 쓰는 예외를 인정할 수 없고 국어의 띄어쓰기는 한글 맞춤법의 규정을 따르는 것이 타당하므로 관련 규정(제4장 제3절 제1항)을 삭제하였으며, 접미사 ‘-어(語), -인(人), -족(族), -해(海)’ 및 명사 ‘섬, 강, 산, 산맥, 고원, 평야…’ 등을 외래어 뒤에서도 붙여 쓴다는 취지로을 수정함. 외래어 표기법의 규정문에 쓰인 '-어(語)'로 끝나는 말들의 띄어쓰기도 함께 수정함.",Y,N,2018-10-29 09:48:00,2019-01-21 10:48:00
171,645,1,외래어 표기법,본문>제3장>제16절>제8항,2017-03-28 00:00:00,부,띄어쓰기 수정: '말레이시아 어'→ '말레이시아어',"말레이시아 어철자법에 따라 표기한 gh, th는 각각 g, t와 마찬가지로 적는다.","말레이시아어철자법에 따라 표기한 gh, th는 각각 g, t와 마찬가지로 적는다.","해', '섬', '강', '산' 등의 띄어쓰기에 관한 종전의 규정 때문에 접미사 '-어(語)' 또한 외래어 뒤에서는 띄어 쓰는 것을 원칙으로 하고 있었음. 접미사를 띄어 쓰는 예외를 인정할 수 없고 국어의 띄어쓰기는 한글 맞춤법의 규정을 따르는 것이 타당하므로 관련 규정(제4장 제3절 제1항)을 삭제하였으며, 접미사 ‘-어(語), -인(人), -족(族), -해(海)’ 및 명사 ‘섬, 강, 산, 산맥, 고원, 평야…’ 등을 외래어 뒤에서도 붙여 쓴다는 취지로을 수정함. 외래어 표기법의 규정문에 쓰인 '-어(語)'로 끝나는 말들의 띄어쓰기도 함께 수정함.",Y,N,2018-10-29 09:50:00,2019-01-21 10:48:00
172,657,1,외래어 표기법,본문>제3장>제16절>제15항,2017-03-28 00:00:00,부,띄어쓰기 수정: '인도네시아 어'→ '인도네시아어',"인도네시아 어의 구철자 중모음 표기 oe, ie는 신철자 u, i와 마찬가지로 ‘우, 이’로 적는다.","인도네시아어의 구철자 중모음 표기 oe, ie는 신철자 u, i와 마찬가지로 ‘우, 이’로 적는다.","해', '섬', '강', '산' 등의 띄어쓰기에 관한 종전의 규정 때문에 접미사 '-어(語)' 또한 외래어 뒤에서는 띄어 쓰는 것을 원칙으로 하고 있었음. 접미사를 띄어 쓰는 예외를 인정할 수 없고 국어의 띄어쓰기는 한글 맞춤법의 규정을 따르는 것이 타당하므로 관련 규정(제4장 제3절 제1항)을 삭제하였으며, 접미사 ‘-어(語), -인(人), -족(族), -해(海)’ 및 명사 ‘섬, 강, 산, 산맥, 고원, 평야…’ 등을 외래어 뒤에서도 붙여 쓴다는 취지로을 수정함. 외래어 표기법의 규정문에 쓰인 '-어(語)'로 끝나는 말들의 띄어쓰기도 함께 수정함.",Y,N,2018-10-29 09:52:00,2019-01-21 10:47:00
173,703,1,외래어 표기법,본문>제3장>제19절>,2017-03-28 00:00:00,부,띄어쓰기 수정: '포르투갈 어'→ '포르투갈어',"포르투갈 어의 표기 표 17에 따르고, 다음과 같은 특징을 살려서 적는다. 다만, ‘브라질포르투갈 어에서’라는 단서가 붙은 조항은 브라질 지명‧인명의 표기에만 적용한다.","포르투갈어의 표기 표 17에 따르고, 다음과 같은 특징을 살려서 적는다. 다만, ‘브라질포르투갈어에서’라는 단서가 붙은 조항은 브라질 지명‧인명의 표기에만 적용한다.","해', '섬', '강', '산' 등의 띄어쓰기에 관한 종전의 규정 때문에 접미사 '-어(語)' 또한 외래어 뒤에서는 띄어 쓰는 것을 원칙으로 하고 있었음. 접미사를 띄어 쓰는 예외를 인정할 수 없고 국어의 띄어쓰기는 한글 맞춤법의 규정을 따르는 것이 타당하므로 관련 규정(제4장 제3절 제1항)을 삭제하였으며, 접미사 ‘-어(語), -인(人), -족(族), -해(海)’ 및 명사 ‘섬, 강, 산, 산맥, 고원, 평야…’ 등을 외래어 뒤에서도 붙여 쓴다는 취지로을 수정함. 외래어 표기법의 규정문에 쓰인 '-어(語)'로 끝나는 말들의 띄어쓰기도 함께 수정함.",Y,N,2018-10-29 09:55:00,2019-01-21 10:47:00
174,584,1,외래어 표기법,본문>제3장>제19절>제3항,2017-03-28 00:00:00,부,띄어쓰기 수정: '포르투갈 어'→ '포르투갈어',"~ 다만, 브라질포르투갈 어에서 i 앞이나 어말 e 및 어말 -es 앞에서는 ‘ㅈ, ㅊ’으로 적는다.","~ 다만, 브라질포르투갈어에서 i 앞이나 어말 e 및 어말 -es 앞에서는 ‘ㅈ, ㅊ’으로 적는다.","해', '섬', '강', '산' 등의 띄어쓰기에 관한 종전의 규정 때문에 접미사 '-어(語)' 또한 외래어 뒤에서는 띄어 쓰는 것을 원칙으로 하고 있었음. 접미사를 띄어 쓰는 예외를 인정할 수 없고 국어의 띄어쓰기는 한글 맞춤법의 규정을 따르는 것이 타당하므로 관련 규정(제4장 제3절 제1항)을 삭제하였으며, 접미사 ‘-어(語), -인(人), -족(族), -해(海)’ 및 명사 ‘섬, 강, 산, 산맥, 고원, 평야…’ 등을 외래어 뒤에서도 붙여 쓴다는 취지로을 수정함. 외래어 표기법의 규정문에 쓰인 '-어(語)'로 끝나는 말들의 띄어쓰기도 함께 수정함.",Y,N,2018-10-29 09:57:00,2019-01-21 10:46:00
175,587,1,외래어 표기법,본문>제3장>제19절>제5항,2017-03-28 00:00:00,부,띄어쓰기 수정: '포르투갈 어'→ '포르투갈어',"2. ~ 다만, 브라질포르투갈 어에서 자음 앞이나 어말에 오는 경우에는 ‘우’로 적되, 어말에 -ul이 오는 경우에는 ‘울’로 적는다.","2. ~ 다만, 브라질포르투갈어에서 자음 앞이나 어말에 오는 경우에는 ‘우’로 적되, 어말에 -ul이 오는 경우에는 ‘울’로 적는다.","해', '섬', '강', '산' 등의 띄어쓰기에 관한 종전의 규정 때문에 접미사 '-어(語)' 또한 외래어 뒤에서는 띄어 쓰는 것을 원칙으로 하고 있었음. 접미사를 띄어 쓰는 예외를 인정할 수 없고 국어의 띄어쓰기는 한글 맞춤법의 규정을 따르는 것이 타당하므로 관련 규정(제4장 제3절 제1항)을 삭제하였으며, 접미사 ‘-어(語), -인(人), -족(族), -해(海)’ 및 명사 ‘섬, 강, 산, 산맥, 고원, 평야…’ 등을 외래어 뒤에서도 붙여 쓴다는 취지로을 수정함. 외래어 표기법의 규정문에 쓰인 '-어(語)'로 끝나는 말들의 띄어쓰기도 함께 수정함.",Y,N,2018-10-29 09:59:00,2019-01-21 10:45:00
176,605,1,외래어 표기법,본문>제3장>제19절>제14항,2017-03-28 00:00:00,부,띄어쓰기 수정: '포르투갈 어'→ '포르투갈어',"~ 어말에서는 ‘으’로 적되, 브라질포르투갈 어에서는 ‘이’로 적는다.","~ 어말에서는 ‘으’로 적되, 브라질포르투갈어에서는 ‘이’로 적는다.","해', '섬', '강', '산' 등의 띄어쓰기에 관한 종전의 규정 때문에 접미사 '-어(語)' 또한 외래어 뒤에서는 띄어 쓰는 것을 원칙으로 하고 있었음. 접미사를 띄어 쓰는 예외를 인정할 수 없고 국어의 띄어쓰기는 한글 맞춤법의 규정을 따르는 것이 타당하므로 관련 규정(제4장 제3절 제1항)을 삭제하였으며, 접미사 ‘-어(語), -인(人), -족(族), -해(海)’ 및 명사 ‘섬, 강, 산, 산맥, 고원, 평야…’ 등을 외래어 뒤에서도 붙여 쓴다는 취지로을 수정함. 외래어 표기법의 규정문에 쓰인 '-어(語)'로 끝나는 말들의 띄어쓰기도 함께 수정함.",Y,N,2018-10-29 10:02:00,2019-01-21 10:45:00
177,607,1,외래어 표기법,본문>제3장>제19절>제15항,2017-03-28 00:00:00,부,띄어쓰기 수정: '포르투갈 어'→ '포르투갈어',"2. ~ 다만, 브라질포르투갈 어에서는 ‘-이스’로 적는다. ※포르투갈 어강세 규칙은 다음과 같다.","2. ~ 다만, 브라질포르투갈어에서는 ‘-이스’로 적는다. ※포르투갈어강세 규칙은 다음과 같다.","해', '섬', '강', '산' 등의 띄어쓰기에 관한 종전의 규정 때문에 접미사 '-어(語)' 또한 외래어 뒤에서는 띄어 쓰는 것을 원칙으로 하고 있었음. 접미사를 띄어 쓰는 예외를 인정할 수 없고 국어의 띄어쓰기는 한글 맞춤법의 규정을 따르는 것이 타당하므로 관련 규정(제4장 제3절 제1항)을 삭제하였으며, 접미사 ‘-어(語), -인(人), -족(族), -해(海)’ 및 명사 ‘섬, 강, 산, 산맥, 고원, 평야…’ 등을 외래어 뒤에서도 붙여 쓴다는 취지로을 수정함. 외래어 표기법의 규정문에 쓰인 '-어(語)'로 끝나는 말들의 띄어쓰기도 함께 수정함.",Y,N,2018-10-29 10:05:00,2019-01-21 10:44:00
178,437,2,외래어 표기법,본문>제2장>표 4,2014-12-05 00:00:00,부,일부 추가: 'ニャ ニュ ニョ / 냐 뉴 뇨 / 냐 뉴 뇨',チャ チュ チョ 자 주 조 차 추 초 ヒャ ヒュ ヒョ 햐 휴 효 햐 휴 효,チャ チュ チョ 자 주 조 차 추 초ニャ ニュ ニョ 냐 뉴 뇨 냐 뉴 뇨ヒャ ヒュ ヒョ 햐 휴 효 햐 휴 효,"일본어의 가나와 한글 대조표'에 일본의 인명과 지명에 사용되는 ‘ニャ(냐), ニュ(뉴), ニョ(뇨)’가 누락되어 있어서 추가함.",Y,N,2018-11-06 15:37:00,2019-01-21 10:43:00
179,511,2,외래어 표기법,본문>제3장>제2절>제1항,2014-12-05 00:00:00,부,용례 수정: 'Razur[razuːr] 라주어' → 'Rasur[razuːr] 라주어',Razur[razuːr] 라주어,Rasur[razuːr] 라주어,"독일어의 표기 세칙에서, 제1항의 2에 제시된 용례 'Razur'는 'Rasur'의 오기이므로 수정함.('Rasur'는 '삭제'라는 뜻의 독일어임.)",Y,N,2018-11-06 16:20:00,2019-01-21 10:42:00
180,748,5,한글 맞춤법,부록>4.>[붙임],2015-01-01 00:00:00,부,[붙임] 추가,,[붙임] ‘쉼표’ 대신 ‘반점’이라는 용어를 쓸 수 있다.,"[붙임] 추가: 학계와 교육계 등에서 오랫동안 '반점'을 공식 용어로 써 온 점을 고려하고, 갑작스러운 변화에 따른 교육 현장의 혼란을 막기 위해 ‘반점’도 쓸 수 있도록 함.[""[붙임] ‘쉼표’ 대신 ‘반점’이라는 용어를 쓸 수 있다.""]",Y,N,2018-11-09 09:34:00,2019-01-18 15:40:00
181,758,5,한글 맞춤법,부록>6.>[붙임],2015-01-01 00:00:00,부,[붙임] 추가,,"[붙임] 쌍점의 앞은 붙여 쓰고 뒤는 띄어 쓴다. 다만, (3)과 (4)에서는 쌍점의 앞뒤를 붙여 쓴다.",[붙임]을 추가하여 쌍점의 띄어쓰기가 경우에 따라 달라짐을 설명함.,Y,N,2018-11-09 10:23:00,2019-01-18 17:24:00
182,763,5,한글 맞춤법,부록>7.>[붙임],2015-01-01 00:00:00,부,[붙임] 추가,,"[붙임] 빗금의 앞뒤는 (1)과 (2)에서는 붙여 쓰며, (3)에서는 띄어 쓰는 것을 원칙으로 하되 붙여 쓰는 것을 허용한다.단, (1)에서 대비되는 어구가 두 어절 이상인 경우에는 빗금의 앞뒤를 띄어 쓸 수 있다.",[붙임]을 추가하여 빗금의 띄어쓰기가 경우에 따라 달라짐을 설명함.,Y,N,2018-11-09 10:47:00,2019-01-18 17:29:00
183,791,5,한글 맞춤법,부록>15.>[붙임],2015-01-01 00:00:00,부,[붙임] 추가,,"[붙임] 줄표의 앞뒤는 띄어 쓰는 것을 원칙으로 하되, 붙여 쓰는 것을 허용한다.",[붙임]을 추가하여 기술함.,Y,N,2018-11-09 16:29:00,2019-01-18 17:32:00
184,586,7,외래어 표기법,본문>제3장>제10절>제2항,1992-11-27 00:00:00,부,조항 생성 및 내용 수정,어중의 l이 모음 앞에 올 때에는 ‘ㄹㄹ’로 적는다. kula 쿨라,"어중의 l,lj가 모음 앞에 올 때에는‘ㄹㄹ’, ‘ㄹ리’로 적는다. kula 쿨라Ljubljana 류블랴나","세르보크로아트어의 표기 세칙을 마련함. 관보 제12279호(1992. 11. 27.)에 게재된 내용에 오류가 있어, 관보 제12347호(1993. 2. 22.)를 통해 정정함. [""어중의 l이 모음 앞에 올 때에는 ‘ㄹㄹ’로 적는다.(kula 쿨라)"" → ""어중의 l, lj가 모음 앞에 올 때에는 ‘ㄹㄹ’, ‘ㄹ리’로 적는다.(kula 쿨라, Ljubljana 류블랴나)""]",Y,N,2018-11-21 18:06:00,2018-11-21 18:10:00
